ward name,local authority code,Borough,All usual residents,Christian,Buddhist,Hindu,Jewish,Muslim,Sikh,Other religion,No religion,Religion not stated
City of London (aggregated),E09000001,City of London,8586,2981,94,203,180,538,8,54,3762,766
Abbey,E09000002,Barking and Dagenham,3962,1355,28,728,2,1060,160,23,388,218
Alibon,E09000002,Barking and Dagenham,9883,5114,26,154,8,1661,58,21,2247,594
Barking Riverside,E09000002,Barking and Dagenham,10066,4882,46,209,4,2560,79,50,1698,538
Beam,E09000002,Barking and Dagenham,8355,4551,30,141,10,1615,148,34,1362,464
Becontree,E09000002,Barking and Dagenham,9793,4021,39,286,11,2796,345,52,1678,565
Chadwell Heath,E09000002,Barking and Dagenham,13829,5994,46,550,37,3259,541,68,2599,735
Eastbrook & Rush Green,E09000002,Barking and Dagenham,8746,4497,39,188,17,1089,104,23,2309,480
Eastbury,E09000002,Barking and Dagenham,15729,7319,63,302,22,3818,226,57,3063,859
Gascoigne,E09000002,Barking and Dagenham,10711,4401,65,321,20,3679,198,34,1434,559
Goresbrook,E09000002,Barking and Dagenham,13691,7206,68,173,15,2170,41,32,3260,726
Heath,E09000002,Barking and Dagenham,9119,4631,35,186,1,1554,57,42,2144,469
Longbridge,E09000002,Barking and Dagenham,13302,3508,43,463,10,6858,539,34,1160,687
Mayesbrook,E09000002,Barking and Dagenham,15623,7598,61,342,16,3214,167,99,3233,893
Northbury,E09000002,Barking and Dagenham,13192,4936,41,582,7,5160,355,45,1333,733
Parsloes,E09000002,Barking and Dagenham,15156,7638,30,247,19,2511,94,99,3667,851
Thames View,E09000002,Barking and Dagenham,5642,2463,22,77,7,1721,85,17,932,318
Valence,E09000002,Barking and Dagenham,15242,6555,59,348,23,3125,395,69,3811,857
Village,E09000002,Barking and Dagenham,12639,6612,42,186,19,2137,98,89,2715,741
Whalebone,E09000002,Barking and Dagenham,14198,6077,45,1084,27,3401,590,96,2154,724
Barnet Vale,E09000003,Barnet,17068,7645,144,800,1204,1089,56,205,4665,1260
Brunswick Park,E09000003,Barnet,16140,7306,139,1050,602,1847,86,364,3537,1209
Burnt Oak,E09000003,Barnet,21585,10160,436,1466,231,4251,52,195,3244,1550
Childs Hill,E09000003,Barnet,19385,6002,262,723,3851,2514,44,187,3907,1895
Colindale North,E09000003,Barnet,12722,5458,224,499,175,3188,37,71,2178,892
Colindale South,E09000003,Barnet,19004,7063,299,1746,275,4256,84,178,3693,1410
Cricklewood,E09000003,Barnet,10410,4140,138,251,257,2865,14,68,1839,838
East Barnet,E09000003,Barnet,18084,8718,127,633,848,1531,51,233,4700,1243
East Finchley,E09000003,Barnet,16330,5961,131,616,1327,1568,34,191,5303,1199
Edgware,E09000003,Barnet,19763,5697,143,1707,5693,2312,63,517,2133,1498
Edgwarebury,E09000003,Barnet,12346,3612,151,894,3510,1493,29,246,1435,976
Finchley Church End,E09000003,Barnet,18825,5158,156,977,5675,1461,87,190,3530,1591
Friern Barnet,E09000003,Barnet,19076,7829,170,944,794,2293,122,222,5233,1469
Garden Suburb,E09000003,Barnet,12673,2701,107,360,5184,803,41,126,2267,1084
Golders Green,E09000003,Barnet,15142,2643,63,457,7533,877,35,78,1661,1795
Hendon,E09000003,Barnet,21966,6494,172,851,7153,2057,42,153,3039,2005
High Barnet,E09000003,Barnet,12023,5157,78,562,842,770,41,156,3522,895
Mill Hill,E09000003,Barnet,17825,5912,135,937,3828,2273,105,169,3094,1372
Totteridge & Woodside,E09000003,Barnet,14921,4659,205,1047,2802,1386,136,391,3028,1267
Underhill,E09000003,Barnet,12286,5893,128,550,326,1006,33,169,3323,858
West Finchley,E09000003,Barnet,19413,6500,277,1668,1785,1957,195,408,5064,1559
West Hendon,E09000003,Barnet,17256,6949,238,1589,1084,3212,31,215,2658,1280
Whetstone,E09000003,Barnet,10887,4760,88,761,956,896,34,162,2460,770
Woodhouse,E09000003,Barnet,14173,5904,165,1022,667,1739,70,270,3202,1134
Barnehurst,E09000004,Bexley,11706,5872,67,235,3,394,209,47,4222,657
Belvedere,E09000004,Bexley,17578,8750,134,516,16,801,1044,68,5287,962
Bexleyheath,E09000004,Bexley,15927,7895,130,529,7,515,442,70,5401,938
Blackfen & Lamorbey,E09000004,Bexley,16133,8040,96,309,25,458,85,54,6073,993
Blendon & Penhill,E09000004,Bexley,15575,7711,57,328,15,448,174,47,5843,952
Crayford,E09000004,Bexley,15946,8046,89,317,3,631,101,94,5832,833
Crook Log,E09000004,Bexley,15879,7420,177,852,20,534,482,51,5416,927
East Wickham,E09000004,Bexley,16201,7541,272,1077,17,702,393,54,5193,952
Erith,E09000004,Bexley,12813,6532,79,304,9,775,421,77,3994,622
Falconwood & Welling,E09000004,Bexley,16588,7828,230,944,14,730,262,65,5568,947
Longlands,E09000004,Bexley,10034,5123,41,176,9,236,32,34,3737,646
Northumberland Heath,E09000004,Bexley,11051,5371,49,208,3,349,551,51,3845,624
St Mary's & St James,E09000004,Bexley,10848,5785,48,213,7,221,104,50,3834,586
Sidcup,E09000004,Bexley,15720,7612,103,330,29,449,108,72,6093,924
Slade Green & Northend,E09000004,Bexley,12880,6937,63,307,10,751,108,43,4002,659
Thamesmead East,E09000004,Bexley,15922,9547,222,206,18,1237,101,75,3643,873
West Heath,E09000004,Bexley,15676,7907,181,654,9,478,662,38,4844,903
Alperton,E09000005,Brent,15000,3785,223,6673,6,2094,89,188,1147,795
Barnhill,E09000005,Brent,11414,4171,114,1441,119,3415,74,116,1128,836
Brondesbury Park,E09000005,Brent,13617,4963,118,629,683,2652,40,97,3346,1089
Cricklewood & Mapesbury,E09000005,Brent,13974,5416,129,336,480,3224,26,157,3108,1098
Dollis Hill,E09000005,Brent,21651,8514,149,1343,95,7707,19,145,2095,1584
Harlesden & Kensal Green,E09000005,Brent,20111,9576,129,641,165,3971,27,134,3926,1542
Kenton,E09000005,Brent,17694,5864,102,5472,359,2429,168,992,1285,1023
Kilburn,E09000005,Brent,17206,6729,122,327,267,3808,31,100,4449,1373
Kingsbury,E09000005,Brent,11419,4676,169,1591,96,2721,56,144,1164,802
Northwick Park,E09000005,Brent,12131,4147,168,2975,47,2452,255,290,1067,730
Preston,E09000005,Brent,12443,4762,92,2564,166,2674,77,258,933,917
Queens Park,E09000005,Brent,17101,7225,109,498,461,1492,29,147,5674,1466
Queensbury,E09000005,Brent,16871,6203,145,4989,93,2690,89,377,1185,1100
Roundwood,E09000005,Brent,16650,7742,155,629,61,4630,27,113,2113,1180
Stonebridge,E09000005,Brent,20185,8047,120,942,27,7311,32,145,2179,1382
Sudbury,E09000005,Brent,13794,4553,261,4157,14,2742,79,143,1050,795
Tokyngton,E09000005,Brent,9911,4466,52,2190,6,1802,38,85,701,571
Welsh Harp,E09000005,Brent,18227,8359,183,2384,112,4341,28,140,1422,1258
Wembley Central,E09000005,Brent,18008,4912,203,8347,28,2433,119,235,844,887
Wembley Hill,E09000005,Brent,15534,7161,136,2973,103,2694,97,168,1244,958
Wembley Park,E09000005,Brent,7641,2402,62,965,37,1138,63,110,2158,706
Willesden Green,E09000005,Brent,19182,8237,165,812,298,4109,56,150,3940,1415
Beckenham Town & Copers Cope,E09000006,Bromley,16034,7560,110,389,99,540,49,98,6111,1078
Bickley & Sundridge,E09000006,Bromley,17786,8662,128,736,66,519,98,84,6196,1297
Biggin Hill,E09000006,Bromley,10928,5562,23,26,21,63,17,32,4534,650
Bromley Common & Holwood,E09000006,Bromley,18948,9078,117,489,37,618,71,90,7262,1186
Bromley Town,E09000006,Bromley,15804,7095,156,662,20,700,30,106,5937,1098
Chelsfield,E09000006,Bromley,11509,5432,82,884,27,199,77,56,4068,684
Chislehurst,E09000006,Bromley,15548,8010,68,404,62,567,87,67,5265,1018
Clock House,E09000006,Bromley,17131,7316,102,196,55,622,35,101,7503,1201
Crystal Palace & Anerley,E09000006,Bromley,12074,5140,106,126,52,704,20,132,4838,956
Darwin,E09000006,Bromley,5501,2961,16,82,12,67,13,19,2040,291
Farnborough & Crofton,E09000006,Bromley,17768,9124,94,1004,43,381,61,59,5971,1031
Hayes & Coney Hall,E09000006,Bromley,15760,8065,75,297,27,296,19,48,5956,977
Kelsey & Eden Park,E09000006,Bromley,15468,7784,64,335,76,523,38,102,5535,1011
Mottingham,E09000006,Bromley,11519,5617,83,280,18,470,39,72,4252,688
Orpington,E09000006,Bromley,12268,6054,111,606,21,429,41,47,4148,811
Penge & Cator,E09000006,Bromley,19093,8010,168,256,52,1280,51,136,7749,1391
Petts Wood & Knoll,E09000006,Bromley,16864,8638,127,708,49,310,70,102,5913,947
Plaistow,E09000006,Bromley,12820,6409,108,355,29,555,66,68,4374,856
Shortlands & Park Langley,E09000006,Bromley,16678,7989,93,606,84,548,67,59,6187,1045
St Mary Cray,E09000006,Bromley,18660,9130,123,487,33,564,54,68,7091,1110
St Paul's Cray,E09000006,Bromley,16992,8042,94,320,23,554,46,97,6854,962
West Wickham,E09000006,Bromley,14772,7768,45,399,49,353,22,59,5158,919
Belsize,E09000007,Camden,12118,3824,177,380,1460,532,30,113,4398,1204
Bloomsbury,E09000007,Camden,11377,3470,217,329,165,1393,50,133,4335,1285
Camden Square,E09000007,Camden,7092,2077,75,52,104,1306,9,57,2825,587
Camden Town,E09000007,Camden,6818,2087,49,94,158,1188,13,82,2589,558
Fortune Green,E09000007,Camden,11572,4041,123,327,829,1471,29,95,3718,939
Frognal,E09000007,Camden,7724,2439,56,287,1137,574,24,84,2359,764
Gospel Oak,E09000007,Camden,11722,4011,108,162,399,1866,36,95,4118,927
Hampstead Town,E09000007,Camden,8086,2667,94,155,927,266,18,96,3031,832
Haverstock,E09000007,Camden,11970,3825,85,136,369,2588,26,91,3858,992
Highgate,E09000007,Camden,10206,3319,72,42,523,810,13,74,4540,813
Holborn & Covent Garden,E09000007,Camden,10322,3331,120,109,112,2122,14,72,3480,962
Kentish Town North,E09000007,Camden,7283,2291,56,49,183,622,12,67,3419,584
Kentish Town South,E09000007,Camden,10304,3145,88,106,254,1574,10,81,4169,877
Kilburn,E09000007,Camden,12017,4065,119,165,307,3240,26,113,3025,957
King's Cross,E09000007,Camden,11462,3080,185,248,144,2716,36,100,3855,1098
Primrose Hill,E09000007,Camden,12452,4009,194,350,1130,1565,27,106,3887,1184
Regent's Park,E09000007,Camden,11930,3612,133,154,211,3139,31,99,3448,1103
St Pancras & Somers Town,E09000007,Camden,12474,3682,127,158,64,3965,31,62,3353,1032
South Hampstead,E09000007,Camden,12036,3497,206,388,894,1587,29,116,4193,1126
West Hampstead,E09000007,Camden,11194,3509,129,311,688,1322,23,115,4159,938
Addiscombe East,E09000008,Croydon,11786,5998,50,530,21,993,36,81,3246,831
Addiscombe West,E09000008,Croydon,15651,7144,93,1252,23,1606,46,162,4284,1041
Bensham Manor,E09000008,Croydon,16943,8642,73,1318,24,2951,94,179,2388,1274
Broad Green,E09000008,Croydon,20075,9226,151,2623,18,3428,65,141,3034,1389
Coulsdon Town,E09000008,Croydon,15261,7079,86,945,32,909,50,80,5108,972
Crystal Palace & Upper Norwood,E09000008,Croydon,16290,7195,159,258,22,1091,32,125,6277,1131
Fairfield,E09000008,Croydon,15744,6847,176,1006,30,1661,62,125,4618,1219
Kenley,E09000008,Croydon,10411,5032,55,579,17,568,36,68,3425,631
New Addington North,E09000008,Croydon,11134,5558,25,177,8,1003,14,58,3621,670
New Addington South,E09000008,Croydon,11195,5676,27,152,15,588,26,38,4087,586
Norbury & Pollards Hill,E09000008,Croydon,12484,6014,52,669,14,2273,143,142,2267,910
Norbury Park,E09000008,Croydon,10575,4729,74,707,14,2262,85,126,1765,813
Old Coulsdon,E09000008,Croydon,9749,5274,33,318,8,263,25,40,3141,647
Park Hill & Whitgift,E09000008,Croydon,5762,2238,48,1171,20,692,33,134,1079,347
Purley & Woodcote,E09000008,Croydon,16535,7848,133,1303,33,1440,154,129,4319,1176
Purley Oaks & Riddlesdown,E09000008,Croydon,10527,5043,96,719,11,825,41,70,3008,714
Sanderstead,E09000008,Croydon,15528,7835,82,929,43,733,93,61,4814,938
Selhurst,E09000008,Croydon,12930,6618,53,756,15,1731,30,102,2528,1097
Selsdon & Addington Village,E09000008,Croydon,10323,5305,78,589,24,784,55,62,2756,670
Selsdon Vale & Forestdale,E09000008,Croydon,9694,4787,57,364,19,522,25,32,3263,625
Shirley North,E09000008,Croydon,15319,7830,69,865,9,1072,76,111,4221,1066
Shirley South,E09000008,Croydon,10786,5682,60,542,22,1006,59,86,2582,747
South Croydon,E09000008,Croydon,17215,8240,107,947,34,1260,46,179,5248,1154
South Norwood,E09000008,Croydon,16517,8821,112,244,58,1506,38,100,4433,1205
Thornton Heath,E09000008,Croydon,17978,10047,64,383,9,2145,42,177,3814,1297
Waddon,E09000008,Croydon,18478,9029,191,1097,19,1929,79,185,4637,1312
West Thornton,E09000008,Croydon,18756,8197,69,2391,13,4102,139,278,2291,1276
Woodside,E09000008,Croydon,17060,8948,90,297,34,1396,49,120,4848,1278
Central Greenford,E09000009,Ealing,13949,6264,144,1725,34,2555,492,108,1637,990
Dormers Wells,E09000009,Ealing,15177,3604,76,2007,10,4348,3328,96,970,738
Ealing Broadway,E09000009,Ealing,14218,6021,264,567,101,1221,267,102,4484,1191
Ealing Common,E09000009,Ealing,15784,6642,209,461,88,1909,290,131,4699,1355
East Acton,E09000009,Ealing,16017,6379,117,272,47,4088,90,123,3491,1410
Greenford Broadway,E09000009,Ealing,17037,7402,208,1382,15,3915,775,104,2206,1030
Hanger Hill,E09000009,Ealing,16832,6714,255,704,91,3241,309,151,3952,1415
Hanwell Broadway,E09000009,Ealing,15118,6743,169,321,34,2203,303,97,4157,1091
Lady Margaret,E09000009,Ealing,16130,3422,121,3024,5,3326,4504,86,888,754
North Acton,E09000009,Ealing,18358,7279,347,409,62,3294,141,125,5037,1664
North Greenford,E09000009,Ealing,16130,6730,263,2831,21,2992,308,143,1767,1075
North Hanwell,E09000009,Ealing,15032,7006,113,596,39,2530,332,84,3334,998
Northfield,E09000009,Ealing,14451,6505,149,454,65,969,162,93,5051,1003
Northolt Mandeville,E09000009,Ealing,17369,7455,441,2023,23,3179,363,181,2553,1151
Northolt West End,E09000009,Ealing,16530,6526,183,1367,18,4224,855,111,2319,927
Norwood Green,E09000009,Ealing,15456,3791,59,1554,16,3808,3950,139,1425,714
Perivale,E09000009,Ealing,16206,6713,161,2063,12,3800,338,138,1858,1123
Pitshanger,E09000009,Ealing,15183,6544,120,528,75,2704,326,124,3660,1102
South Acton,E09000009,Ealing,17097,6480,190,259,66,3809,147,102,4843,1201
Southall Broadway,E09000009,Ealing,10966,2637,31,1779,5,2769,3003,69,304,369
Southall Green,E09000009,Ealing,16339,3930,60,1900,3,3216,6040,145,423,622
Southall West,E09000009,Ealing,6802,1083,28,1270,2,2055,1792,60,242,270
Southfield,E09000009,Ealing,16257,6914,184,281,125,1237,90,133,6029,1264
Walpole,E09000009,Ealing,14656,6139,116,463,87,1483,294,101,4895,1078
Arnos Grove,E09000010,Enfield,8889,4058,61,388,328,1183,67,252,1956,596
Bowes,E09000010,Enfield,10716,5043,80,391,75,2122,45,380,1873,707
Brimsdown,E09000010,Enfield,16284,7253,43,314,30,3729,60,848,2905,1102
Bullsmoor,E09000010,Enfield,11362,5302,56,186,27,2124,37,617,2282,731
Bush Hill Park,E09000010,Enfield,13025,6938,43,456,147,1515,65,208,2703,950
Carterhatch,E09000010,Enfield,12832,5035,62,280,10,3118,29,630,2648,1020
Cockfosters,E09000010,Enfield,10149,4554,101,511,780,1116,48,242,1973,824
Edmonton Green,E09000010,Enfield,17053,7123,66,359,14,5346,37,791,2260,1057
Enfield Lock,E09000010,Enfield,17866,8514,66,288,29,3367,49,869,3449,1235
Grange Park,E09000010,Enfield,8614,4740,52,302,136,691,41,146,1962,544
Haselbury,E09000010,Enfield,18304,8561,97,696,94,4575,85,644,2275,1277
Highfield,E09000010,Enfield,9541,4250,42,473,81,1923,48,232,1664,828
Jubilee,E09000010,Enfield,16385,7036,48,546,28,4674,87,650,2200,1116
Lower Edmonton,E09000010,Enfield,16530,7533,58,563,19,4352,47,658,2272,1028
New Southgate,E09000010,Enfield,11119,4742,47,454,128,1398,34,274,3159,883
Oakwood,E09000010,Enfield,8691,4081,81,617,292,979,48,251,1712,630
Palmers Green,E09000010,Enfield,10837,5207,55,247,211,1258,26,161,2831,841
Ponders End,E09000010,Enfield,13488,5264,25,247,19,4815,35,438,1826,819
Ridgeway,E09000010,Enfield,12796,6584,91,347,367,970,28,181,3415,813
Southbury,E09000010,Enfield,15352,7377,115,491,63,2186,31,297,3761,1031
Southgate,E09000010,Enfield,15208,6930,106,683,456,1860,101,330,3556,1186
Town,E09000010,Enfield,13320,7145,102,276,83,1012,28,171,3579,924
Upper Edmonton,E09000010,Enfield,16828,6930,118,600,20,5029,40,673,2230,1188
Whitewebbs,E09000010,Enfield,14385,7186,58,218,103,1301,18,290,4212,999
Winchmore Hill,E09000010,Enfield,10441,5657,48,285,179,837,67,95,2552,721
Abbey Wood,E09000011,Greenwich,17409,9043,283,689,22,1610,324,71,4288,1079
Blackheath Westcombe,E09000011,Greenwich,14967,6069,124,297,53,523,115,138,6640,1008
Charlton Hornfair,E09000011,Greenwich,12543,5201,173,649,39,908,151,78,4488,856
Charlton Village & Riverside,E09000011,Greenwich,10299,4153,119,344,22,1208,160,56,3554,683
East Greenwich,E09000011,Greenwich,14417,5787,180,376,62,886,60,91,5952,1023
Eltham Page,E09000011,Greenwich,9938,4533,144,159,11,780,46,42,3596,627
Eltham Park & Progress,E09000011,Greenwich,10428,5043,67,141,26,305,44,40,4140,622
Eltham Town & Avery Hill,E09000011,Greenwich,15526,7771,102,305,33,787,83,53,5461,931
Greenwich Creekside,E09000011,Greenwich,11189,4142,170,355,21,957,34,110,4458,942
Greenwich Park,E09000011,Greenwich,10355,4176,172,214,40,475,35,101,4395,747
Greenwich Peninsula,E09000011,Greenwich,11474,4021,171,701,29,967,127,79,4579,800
Kidbrooke Park,E09000011,Greenwich,10146,4698,171,346,29,825,134,80,3162,701
Kidbrooke Village & Sutcliffe,E09000011,Greenwich,5937,2474,72,194,16,399,29,35,2282,436
Middle Park & Horn Park,E09000011,Greenwich,9745,4677,81,264,16,659,38,53,3392,565
"Mottingham, Coldharbour & New Eltham",E09000011,Greenwich,14498,6970,110,399,27,797,96,53,5131,915
Plumstead & Glyndon,E09000011,Greenwich,21784,8270,1089,2729,19,2994,610,197,4491,1385
Plumstead Common,E09000011,Greenwich,15621,7275,261,813,8,1073,486,84,4654,967
Shooters Hill,E09000011,Greenwich,11885,5700,207,393,12,1205,118,57,3417,776
Thamesmead Moorings,E09000011,Greenwich,12395,7405,158,130,10,1129,59,33,2795,676
West Thamesmead,E09000011,Greenwich,11790,6238,151,282,27,1438,49,69,2713,823
Woolwich Arsenal,E09000011,Greenwich,12224,4939,285,546,42,1308,92,101,4106,805
Woolwich Common,E09000011,Greenwich,13045,5347,329,926,10,1742,301,102,3629,659
Woolwich Dockyard,E09000011,Greenwich,11376,5177,422,384,20,1726,58,61,2865,663
Brownswood,E09000012,Hackney,8996,2571,96,84,246,950,71,213,4047,718
Cazenove,E09000012,Hackney,15205,3158,76,31,3615,2274,136,288,3439,2188
Clissold,E09000012,Hackney,12504,3413,114,71,330,1150,95,207,6136,988
Dalston,E09000012,Hackney,9010,2514,74,70,149,985,67,140,4302,709
De Beauvoir,E09000012,Hackney,9038,3045,59,45,127,1011,45,173,3887,646
Hackney Central,E09000012,Hackney,12882,4318,154,102,143,1843,144,249,5068,861
Hackney Downs,E09000012,Hackney,13014,3896,123,77,156,2291,144,358,5031,938
Hackney Wick,E09000012,Hackney,12350,4827,118,52,118,1671,68,224,4409,863
Haggerston,E09000012,Hackney,14447,4722,152,102,147,2270,46,299,5677,1032
Homerton,E09000012,Hackney,13194,5064,174,94,137,2089,111,268,4389,868
Hoxton East & Shoreditch,E09000012,Hackney,12080,4013,158,151,117,1402,58,263,5020,898
Hoxton West,E09000012,Hackney,13811,5058,166,163,198,1685,110,286,5093,1052
King's Park,E09000012,Hackney,13301,5240,95,76,53,2336,116,228,4184,973
Lea Bridge,E09000012,Hackney,14461,3824,119,355,353,2396,112,174,5674,1454
London Fields,E09000012,Hackney,12307,3756,119,116,146,1654,37,274,5319,886
Shacklewell,E09000012,Hackney,8762,2723,73,105,112,1446,66,200,3340,697
Springfield,E09000012,Hackney,15353,3504,58,44,5439,1630,91,255,2329,2003
Stamford Hill West,E09000012,Hackney,10304,1951,40,12,4052,661,77,169,1838,1504
Stoke Newington,E09000012,Hackney,13574,3628,103,103,447,1503,112,201,6497,980
Victoria,E09000012,Hackney,12239,4390,160,56,168,1392,62,173,4966,872
Woodberry Down,E09000012,Hackney,12338,3883,132,92,1169,1938,104,247,3464,1309
Addison,E09000013,Hammersmith and Fulham,7806,3430,88,80,66,874,31,79,2531,627
Avonmore,E09000013,Hammersmith and Fulham,7532,3195,88,156,54,912,27,43,2306,751
Brook Green,E09000013,Hammersmith and Fulham,8096,3643,71,109,94,725,29,62,2585,778
College Park & Old Oak,E09000013,Hammersmith and Fulham,9990,4391,104,167,43,1727,53,96,2594,815
Coningham,E09000013,Hammersmith and Fulham,10810,4621,77,95,72,1446,26,89,3493,891
Fulham Reach,E09000013,Hammersmith and Fulham,11593,5530,109,254,57,784,29,70,3744,1016
Fulham Town,E09000013,Hammersmith and Fulham,7457,3801,44,71,49,387,6,46,2466,587
Grove,E09000013,Hammersmith and Fulham,7450,3354,83,109,74,536,30,46,2634,584
Hammersmith Broadway,E09000013,Hammersmith and Fulham,7632,3126,123,98,39,1031,6,48,2448,713
Lillie,E09000013,Hammersmith and Fulham,6653,2990,69,67,41,870,7,41,1996,572
Munster,E09000013,Hammersmith and Fulham,12429,6249,65,112,103,658,24,58,4163,997
Palace & Hurlingham,E09000013,Hammersmith and Fulham,11515,6204,76,91,101,724,21,69,3302,927
Parsons Green & Sandford,E09000013,Hammersmith and Fulham,7908,4055,53,79,117,516,25,48,2304,711
Ravenscourt,E09000013,Hammersmith and Fulham,6975,3072,94,106,47,681,12,65,2326,572
Sands End,E09000013,Hammersmith and Fulham,10935,5110,85,138,64,1346,19,77,3231,865
Shepherd's Bush Green,E09000013,Hammersmith and Fulham,5631,2376,61,53,13,1012,11,63,1558,484
Walham Green,E09000013,Hammersmith and Fulham,7742,3613,95,56,35,854,11,34,2359,685
Wendell Park,E09000013,Hammersmith and Fulham,7431,3420,58,86,55,870,23,43,2354,522
West Kensington,E09000013,Hammersmith and Fulham,9500,4085,112,98,28,1289,21,37,3056,774
White City,E09000013,Hammersmith and Fulham,10293,4164,128,95,45,2587,8,49,2400,817
Wormholt,E09000013,Hammersmith and Fulham,7819,3245,54,87,29,1479,34,72,2218,601
Alexandra Park,E09000014,Haringey,9068,2981,76,139,429,455,23,97,4171,697
Bounds Green,E09000014,Haringey,9757,4296,83,210,119,1136,26,212,2988,687
Bruce Castle,E09000014,Haringey,14047,6820,104,148,26,2763,40,470,2574,1102
Crouch End,E09000014,Haringey,13002,3993,106,145,534,553,38,156,6428,1049
Fortis Green,E09000014,Haringey,12870,4085,113,162,1128,683,41,155,5417,1086
Harringay,E09000014,Haringey,14422,5186,153,263,151,1595,33,199,5777,1065
Hermitage & Gardens,E09000014,Haringey,8942,3164,81,121,185,1210,28,260,3213,680
Highgate,E09000014,Haringey,12479,4232,94,228,909,473,43,139,5340,1021
Hornsey,E09000014,Haringey,14733,4756,144,176,412,1179,96,288,6620,1062
Muswell Hill,E09000014,Haringey,8837,2918,66,102,553,329,44,110,3988,727
Noel Park,E09000014,Haringey,13671,5572,203,240,51,2337,47,457,3522,1242
Northumberland Park,E09000014,Haringey,14829,7461,89,131,65,3013,46,508,2430,1086
St Ann's,E09000014,Haringey,10287,4204,75,175,65,1687,42,258,2911,870
Seven Sisters,E09000014,Haringey,9398,3917,104,65,629,1425,16,236,2163,843
South Tottenham,E09000014,Haringey,17111,5992,106,119,3616,1826,44,500,3127,1781
Stroud Green,E09000014,Haringey,10922,3303,76,63,206,739,19,202,5558,756
Tottenham Central,E09000014,Haringey,14377,6520,160,191,50,2105,47,369,3813,1122
Tottenham Hale,E09000014,Haringey,11932,5486,98,162,33,2179,36,326,2775,837
West Green,E09000014,Haringey,14698,6087,142,242,103,2636,59,364,3945,1120
White Hart Lane,E09000014,Haringey,13444,6015,176,194,49,2731,56,519,2711,993
Woodside,E09000014,Haringey,15414,6954,188,257,90,2234,71,347,4055,1218
Belmont,E09000015,Harrow,9148,2841,82,2909,478,1096,63,455,736,488
Canons,E09000015,Harrow,9122,2325,78,1904,1647,1140,69,474,824,661
Centenary,E09000015,Harrow,14548,4437,126,5137,223,2276,90,724,797,738
Edgware,E09000015,Harrow,16009,6469,159,4113,172,2541,81,368,1127,979
Greenhill,E09000015,Harrow,11417,4056,163,2602,85,1917,150,289,1435,720
Harrow on the Hill,E09000015,Harrow,10805,4361,119,1763,153,1626,156,165,1759,703
Harrow Weald,E09000015,Harrow,14526,5792,142,2617,367,2717,101,320,1556,914
Hatch End,E09000015,Harrow,9590,2805,71,2398,551,1527,149,370,1170,549
Headstone,E09000015,Harrow,15065,4970,139,3989,86,2168,281,506,2032,894
Kenton East,E09000015,Harrow,14592,5140,97,5566,54,1614,57,527,775,762
Kenton West,E09000015,Harrow,9575,3067,47,3434,62,1103,71,830,517,444
Marlborough,E09000015,Harrow,11381,4116,131,1916,52,2438,73,201,1566,888
North Harrow,E09000015,Harrow,9240,3209,75,2842,37,1305,150,224,916,482
Pinner,E09000015,Harrow,13265,4376,99,2919,681,1758,234,324,2131,743
Pinner South,E09000015,Harrow,15098,4716,290,4228,449,1438,277,456,2333,911
Rayners Lane,E09000015,Harrow,9620,2706,108,3838,27,1246,236,161,850,448
Roxbourne,E09000015,Harrow,9828,3155,157,2639,31,2090,88,106,1062,500
Roxeth,E09000015,Harrow,15758,5332,340,4478,34,2752,185,263,1566,808
Stanmore,E09000015,Harrow,13688,3567,68,2443,2013,2629,64,591,1400,913
Wealdstone North,E09000015,Harrow,10371,3904,96,2033,31,2707,51,136,868,545
Wealdstone South,E09000015,Harrow,8083,3387,126,1590,32,1474,26,81,658,709
West Harrow,E09000015,Harrow,10495,3873,108,2053,36,1941,86,107,1673,618
Beam Park,E09000016,Havering,5244,2461,16,72,8,720,26,24,1672,245
Cranham,E09000016,Havering,12948,7729,47,144,51,235,102,54,3954,632
Elm Park,E09000016,Havering,16468,8559,64,355,34,1117,168,75,5130,966
Emerson Park,E09000016,Havering,9196,4475,43,588,34,613,754,19,2233,437
Gooshays,E09000016,Havering,17373,8445,59,426,68,840,154,92,6336,953
Hacton,E09000016,Havering,9086,4998,31,215,42,259,90,56,2858,537
Harold Wood,E09000016,Havering,13951,6885,77,394,60,605,236,45,4848,801
Havering-atte-Bower,E09000016,Havering,16302,8131,47,274,278,1009,235,64,5346,918
Heaton,E09000016,Havering,17613,9022,89,264,64,1171,120,96,5878,909
Hylands & Harrow Lodge,E09000016,Havering,14200,7866,29,333,62,703,288,44,4108,767
Marshalls & Rise Park,E09000016,Havering,13081,7375,52,404,111,819,388,63,3188,681
Mawneys,E09000016,Havering,14549,7335,61,329,154,1144,339,58,4322,807
Rainham & Wennington,E09000016,Havering,13569,7060,38,262,24,993,374,45,4030,743
Rush Green & Crowlands,E09000016,Havering,15798,7719,114,507,32,2082,300,55,4057,932
St Alban's,E09000016,Havering,8230,3813,36,179,30,800,100,43,2664,565
St Andrew's,E09000016,Havering,14255,7940,55,249,49,385,106,46,4621,804
St Edward's,E09000016,Havering,10649,5391,70,361,45,824,135,38,3116,669
South Hornchurch,E09000016,Havering,10526,5421,42,206,15,840,107,35,3262,598
Squirrels Heath,E09000016,Havering,15697,7817,66,744,91,782,392,68,4900,837
Upminster,E09000016,Havering,13338,8310,50,161,52,214,89,34,3737,691
Belmore,E09000017,Hillingdon,17363,3907,116,3484,7,3062,4769,139,1070,809
Charville,E09000017,Hillingdon,11489,4141,44,1407,16,1941,1667,67,1660,546
Colham & Cowley,E09000017,Hillingdon,19254,7755,228,1338,70,2955,1050,132,4333,1393
Eastcote,E09000017,Hillingdon,16679,7486,123,2295,175,1173,308,188,3971,960
Harefield Village,E09000017,Hillingdon,5751,3034,20,223,51,180,48,35,1798,362
Hayes Town,E09000017,Hillingdon,15304,4593,202,1866,12,3760,2206,163,1803,699
Heathrow Villages,E09000017,Hillingdon,14033,6382,191,997,15,2165,1440,88,2043,712
Hillingdon East,E09000017,Hillingdon,15631,6381,120,1665,19,2075,1295,111,3100,865
Hillingdon West,E09000017,Hillingdon,9866,3836,85,933,16,1399,668,84,2259,586
Ickenham & South Harefield,E09000017,Hillingdon,15504,7088,79,1466,57,972,872,113,3945,912
Northwood,E09000017,Hillingdon,11300,4191,119,2077,498,1157,255,303,2032,668
Northwood Hills,E09000017,Hillingdon,11857,4518,128,2248,223,1161,161,237,2454,727
Pinkwell,E09000017,Hillingdon,16831,4184,180,1797,13,3783,4469,156,1450,799
Ruislip,E09000017,Hillingdon,15493,8162,100,1246,74,779,203,158,3924,847
Ruislip Manor,E09000017,Hillingdon,10847,5771,61,839,24,547,182,106,2720,597
South Ruislip,E09000017,Hillingdon,17067,7884,157,2021,25,1647,269,103,4070,891
Uxbridge,E09000017,Hillingdon,18111,7239,177,1002,32,2803,574,141,4690,1453
West Drayton,E09000017,Hillingdon,18428,7341,166,1763,18,2883,885,146,4156,1070
Wood End,E09000017,Hillingdon,19385,5910,159,2031,17,4605,3134,85,2526,918
Yeading,E09000017,Hillingdon,13552,4642,75,1590,10,3061,1448,66,2028,632
Yiewsley,E09000017,Hillingdon,12120,4981,98,734,15,1979,417,67,3168,661
Bedfont,E09000018,Hounslow,15337,6066,330,1421,14,2440,899,102,3192,873
Brentford East,E09000018,Hounslow,8605,3421,73,339,13,1734,154,72,2238,561
Brentford West,E09000018,Hounslow,8539,3831,72,187,27,1089,123,60,2540,610
Chiswick Gunnersbury,E09000018,Hounslow,12786,5343,153,302,119,1270,83,89,4431,996
Chiswick Homefields,E09000018,Hounslow,13887,6505,118,207,158,845,96,76,4716,1166
Chiswick Riverside,E09000018,Hounslow,9879,4103,92,202,77,726,84,72,3740,783
Cranford,E09000018,Hounslow,16022,6023,187,1577,8,3289,2895,103,1242,698
Feltham North,E09000018,Hounslow,12793,5473,361,1324,10,1840,753,168,2078,786
Feltham West,E09000018,Hounslow,16216,6804,270,1650,18,2030,455,156,3903,930
Hanworth Park,E09000018,Hounslow,10044,4480,214,727,7,1103,326,58,2490,639
Hanworth Village,E09000018,Hounslow,16532,6960,259,920,13,2988,480,87,3877,948
Heston Central,E09000018,Hounslow,14531,4120,147,2088,5,3238,2943,111,1029,850
Heston East,E09000018,Hounslow,11550,2874,152,1688,7,2410,3003,116,805,495
Heston West,E09000018,Hounslow,15338,3257,76,1704,4,3875,4747,76,938,661
Hounslow Central,E09000018,Hounslow,10616,3992,163,2306,3,1998,562,117,834,641
Hounslow East,E09000018,Hounslow,8788,3082,196,1335,6,1938,632,68,991,540
Hounslow Heath,E09000018,Hounslow,16068,5545,194,2428,10,4064,1338,176,1475,838
Hounslow South,E09000018,Hounslow,13851,5924,141,1496,19,1838,1037,111,2424,861
Hounslow West,E09000018,Hounslow,15911,6226,316,2404,7,2805,2014,178,1141,820
Isleworth,E09000018,Hounslow,14044,5973,109,620,47,2244,298,78,3670,1005
Osterley & Spring Grove,E09000018,Hounslow,14580,5325,171,1751,18,2321,1536,154,2389,915
Syon & Brentford Lock,E09000018,Hounslow,12173,4919,130,684,32,1931,202,90,3355,830
Arsenal,E09000019,Islington,13146,4343,111,126,123,1589,34,171,5559,1090
Barnsbury,E09000019,Islington,11843,4390,111,91,155,841,33,86,5259,877
Bunhill,E09000019,Islington,11155,3973,95,227,129,1250,38,155,4275,1013
Caledonian,E09000019,Islington,11320,4141,144,126,38,1890,29,161,3953,838
Canonbury,E09000019,Islington,12529,4710,72,83,134,1127,27,229,5137,1010
Clerkenwell,E09000019,Islington,10998,3932,78,123,115,1160,30,109,4482,969
Finsbury Park,E09000019,Islington,14414,4628,123,80,100,3094,23,223,4949,1194
Highbury,E09000019,Islington,13949,4533,111,102,259,1336,50,157,6367,1034
Hillrise,E09000019,Islington,14812,5366,125,116,293,1791,40,282,5669,1130
Holloway,E09000019,Islington,12358,4142,106,207,121,1605,31,164,5043,939
Junction,E09000019,Islington,12965,4438,106,198,266,1300,27,158,5479,993
Laycock,E09000019,Islington,13192,4708,109,142,148,1680,47,147,5142,1069
Mildmay,E09000019,Islington,14180,4797,89,81,155,1620,51,239,6105,1043
St Mary's & St James',E09000019,Islington,11669,4151,94,109,141,1003,33,148,5106,884
St Peter's & Canalside,E09000019,Islington,11680,3966,112,166,143,1635,47,133,4590,888
Tollington,E09000019,Islington,13946,4725,106,128,156,1813,31,170,5828,989
Tufnell Park,E09000019,Islington,12389,4176,106,103,229,1110,32,170,5528,935
Abingdon,E09000020,Kensington and Chelsea,8165,3952,121,108,193,850,12,77,2104,748
Brompton & Hans Town,E09000020,Kensington and Chelsea,8122,3853,83,96,204,834,22,53,1796,1181
Campden,E09000020,Kensington and Chelsea,8475,4059,94,139,361,504,23,42,2288,965
Chelsea Riverside,E09000020,Kensington and Chelsea,7460,3791,68,75,83,1199,15,73,1558,598
Colville,E09000020,Kensington and Chelsea,8568,3919,95,40,133,996,19,88,2494,784
Courtfield,E09000020,Kensington and Chelsea,8228,3874,92,145,220,583,30,73,2305,906
Dalgarno,E09000020,Kensington and Chelsea,6999,3398,39,28,37,1630,7,29,1341,490
Earl's Court,E09000020,Kensington and Chelsea,8930,4147,184,115,89,800,24,28,2633,910
Golborne,E09000020,Kensington and Chelsea,8885,3423,64,51,53,2467,13,71,1948,795
Holland,E09000020,Kensington and Chelsea,9247,4385,121,114,184,1429,16,59,1996,943
Norland,E09000020,Kensington and Chelsea,5455,2742,68,42,148,300,9,36,1637,473
Notting Dale,E09000020,Kensington and Chelsea,9406,4359,79,35,55,2094,12,39,1684,1049
Pembridge,E09000020,Kensington and Chelsea,5370,2361,90,70,109,288,19,48,1684,701
Queen's Gate,E09000020,Kensington and Chelsea,7616,3666,109,167,181,529,32,76,2047,809
Redcliffe,E09000020,Kensington and Chelsea,9168,4899,79,127,173,520,34,96,2430,810
Royal Hospital,E09000020,Kensington and Chelsea,8408,5108,65,79,184,479,10,60,1707,716
St. Helen's,E09000020,Kensington and Chelsea,6285,3000,62,19,108,620,5,49,1920,502
Stanley,E09000020,Kensington and Chelsea,8548,4397,85,130,160,724,11,57,2040,944
Alexandra,E09000021,Kingston upon Thames,5818,2632,43,413,29,395,60,36,1782,428
Berrylands,E09000021,Kingston upon Thames,6423,2993,29,230,51,215,41,42,2404,418
Canbury Gardens,E09000021,Kingston upon Thames,7951,3119,113,268,48,584,65,53,3079,622
Chessington South & Malden Rushett,E09000021,Kingston upon Thames,9797,4519,65,327,19,422,61,57,3794,533
Coombe Hill,E09000021,Kingston upon Thames,7438,3070,99,370,83,1232,65,61,1803,655
Coombe Vale,E09000021,Kingston upon Thames,10324,4528,102,757,57,868,119,63,3085,745
Green Lane & St James,E09000021,Kingston upon Thames,6820,3023,71,571,28,789,53,57,1774,454
Hook & Chessington North,E09000021,Kingston upon Thames,10742,5385,76,345,10,544,50,39,3651,642
King George's & Sunray,E09000021,Kingston upon Thames,5777,2626,46,512,10,560,47,33,1551,392
Kingston Gate,E09000021,Kingston upon Thames,10978,4424,113,315,42,824,135,81,4249,795
Kingston Town,E09000021,Kingston upon Thames,10358,3695,112,289,46,700,87,129,4432,868
Motspur Park & Old Malden East,E09000021,Kingston upon Thames,7023,3288,100,614,11,796,49,53,1724,388
New Malden Village,E09000021,Kingston upon Thames,9908,4477,107,632,33,795,74,41,3097,652
Norbiton,E09000021,Kingston upon Thames,11126,4328,143,536,32,1312,162,37,3863,713
Old Malden,E09000021,Kingston upon Thames,6641,3106,51,503,16,850,81,43,1593,398
St Mark's & Seething Wells,E09000021,Kingston upon Thames,11816,4387,136,250,69,575,69,124,5123,1083
Surbiton Hill,E09000021,Kingston upon Thames,10829,4381,123,351,64,602,76,85,4253,894
Tolworth,E09000021,Kingston upon Thames,11076,4569,105,863,25,939,87,49,3724,715
Tudor,E09000021,Kingston upon Thames,7195,3103,94,302,22,358,49,44,2650,573
Brixton Acre Lane,E09000022,Lambeth,15271,5777,122,79,90,799,19,103,7199,1083
Brixton North,E09000022,Lambeth,16210,7727,133,53,49,1901,11,163,4819,1354
Brixton Rush Common,E09000022,Lambeth,14610,6405,142,61,48,1083,20,124,5624,1103
Brixton Windrush,E09000022,Lambeth,9914,4252,132,26,51,952,13,74,3688,726
Clapham Common & Abbeville,E09000022,Lambeth,10059,4331,32,116,98,356,24,74,4372,656
Clapham East,E09000022,Lambeth,9934,4027,66,83,42,789,15,61,4101,750
Clapham Park,E09000022,Lambeth,13210,5914,109,107,52,1176,16,107,4628,1101
Clapham Town,E09000022,Lambeth,15485,6637,76,108,60,725,35,92,6669,1083
Gipsy Hill,E09000022,Lambeth,10735,4528,71,82,39,803,16,87,4220,889
Herne Hill & Loughborough Junction,E09000022,Lambeth,15979,6373,119,139,48,1295,33,114,6709,1149
Kennington,E09000022,Lambeth,15027,7158,126,114,61,1326,14,99,5149,980
Knight's Hill,E09000022,Lambeth,16542,7547,103,196,64,1140,31,139,5862,1460
Myatt's Fields,E09000022,Lambeth,11076,5096,89,44,37,1065,16,70,3783,876
Oval,E09000022,Lambeth,12190,5286,137,82,68,849,21,81,4708,958
St Martin's,E09000022,Lambeth,10379,5121,85,73,16,820,15,66,3454,729
Stockwell East,E09000022,Lambeth,10376,4470,80,46,43,750,21,83,4152,731
Stockwell West & Larkhall,E09000022,Lambeth,16557,8035,127,75,60,1788,20,111,5165,1176
Streatham Common & Vale,E09000022,Lambeth,17346,8243,71,503,45,2222,35,99,4704,1424
Streatham Hill East,E09000022,Lambeth,10219,4378,44,78,43,909,10,78,3837,842
Streatham Hill West & Thornton,E09000022,Lambeth,10596,4290,66,116,64,509,22,69,4694,766
Streatham St Leonard's,E09000022,Lambeth,16035,6976,61,334,66,1673,50,111,5712,1052
Streatham Wells,E09000022,Lambeth,9873,4200,94,107,33,912,15,88,3682,742
Vauxhall,E09000022,Lambeth,9632,3786,144,174,62,860,24,75,3636,871
Waterloo & South Bank,E09000022,Lambeth,8883,3551,127,242,56,680,22,73,3418,714
West Dulwich,E09000022,Lambeth,11522,4625,83,148,59,479,15,102,5131,880
Bellingham,E09000023,Lewisham,11659,6071,116,373,15,1017,25,72,3124,846
Blackheath,E09000023,Lewisham,16213,6705,179,275,53,907,47,156,6548,1343
Brockley,E09000023,Lewisham,17938,6356,189,289,84,1161,22,184,8252,1401
Catford South,E09000023,Lewisham,17247,8707,131,748,25,1609,80,108,4436,1403
Crofton Park,E09000023,Lewisham,15489,5697,82,179,56,757,27,118,7441,1132
Deptford,E09000023,Lewisham,16396,6939,419,221,49,1590,33,174,5682,1289
Downham,E09000023,Lewisham,18756,9756,104,697,17,1359,47,106,5455,1215
Evelyn,E09000023,Lewisham,14954,6579,300,201,24,1675,32,78,4868,1197
Forest Hill,E09000023,Lewisham,15168,5891,150,222,69,793,33,141,6774,1095
Grove Park,E09000023,Lewisham,15598,7603,132,478,27,955,46,91,5061,1205
Hither Green,E09000023,Lewisham,20258,9769,141,678,44,1434,49,133,6481,1529
Ladywell,E09000023,Lewisham,15206,5904,205,345,50,1007,22,150,6318,1205
Lee Green,E09000023,Lewisham,14985,6377,140,329,51,852,26,85,6089,1036
Lewisham Central,E09000023,Lewisham,8375,3335,171,347,28,596,18,63,3137,680
New Cross Gate,E09000023,Lewisham,10901,4839,146,113,28,1468,15,62,3461,769
Perry Vale,E09000023,Lewisham,18320,7789,120,220,71,1022,72,131,7607,1288
Rushey Green,E09000023,Lewisham,18760,9127,184,377,24,1554,59,172,5920,1343
Sydenham,E09000023,Lewisham,17345,7621,150,249,51,1188,46,109,6622,1309
Telegraph Hill,E09000023,Lewisham,16922,6662,211,105,44,1295,25,138,7089,1353
Abbey,E09000024,Merton,10255,4278,105,407,42,819,22,79,3749,754
Cannon Hill,E09000024,Merton,9946,4977,95,543,15,831,28,58,2771,628
Colliers Wood,E09000024,Merton,11555,4656,81,668,28,1186,44,72,3974,846
Cricket Green,E09000024,Merton,12120,5906,87,808,19,1645,22,80,2626,927
Figge's Marsh,E09000024,Merton,11094,5341,101,1174,19,1583,33,39,2092,712
Graveney,E09000024,Merton,11803,5240,60,1311,14,1722,36,58,2533,829
Hillside,E09000024,Merton,8522,3944,106,302,57,409,9,57,2959,679
Lavender Fields,E09000024,Merton,11564,5449,102,803,24,1334,46,43,2944,819
Longthornton,E09000024,Merton,11830,6108,60,790,12,1693,70,52,2172,873
Lower Morden,E09000024,Merton,11488,5820,130,636,22,992,4,59,3164,661
Merton Park,E09000024,Merton,8292,3857,89,392,34,1035,20,41,2284,540
Pollards Hill,E09000024,Merton,11881,6322,41,630,14,1741,46,62,2279,746
Ravensbury,E09000024,Merton,9473,4441,90,753,12,1172,35,52,2276,642
Raynes Park,E09000024,Merton,12250,5707,135,424,68,656,45,96,4212,907
St Helier,E09000024,Merton,11117,4781,178,717,16,1809,14,42,2929,631
Village,E09000024,Merton,11470,5811,106,397,150,549,31,69,3436,921
Wandle,E09000024,Merton,6274,2743,20,231,18,410,3,25,2361,463
West Barnes,E09000024,Merton,10495,5400,99,845,26,701,26,62,2684,652
Wimbledon Park,E09000024,Merton,11064,5166,86,253,88,813,38,56,3873,691
Wimbledon Town & Dundonald,E09000024,Merton,12694,5386,124,512,79,567,45,98,4903,980
Beckton,E09000025,Newham,15301,7511,137,369,13,3428,106,103,2477,1157
Boleyn,E09000025,Newham,15598,4861,80,899,22,7121,216,51,1518,830
Canning Town North,E09000025,Newham,10635,4844,93,222,17,2640,76,41,2019,683
Canning Town South,E09000025,Newham,7056,3013,73,274,7,1419,53,40,1686,491
Custom House,E09000025,Newham,17716,9417,143,347,16,3269,74,69,3249,1132
East Ham,E09000025,Newham,15048,4152,62,1721,6,6901,263,28,1031,884
East Ham South,E09000025,Newham,18062,6803,75,842,21,7074,181,71,1957,1038
Forest Gate North,E09000025,Newham,10790,4371,36,283,27,2997,139,64,2172,701
Forest Gate South,E09000025,Newham,17370,5597,100,574,26,7037,329,92,2521,1094
Green Street East,E09000025,Newham,16786,2943,32,2472,4,8665,869,67,792,942
Green Street West,E09000025,Newham,15905,2829,46,2021,8,8482,513,95,772,1139
Little Ilford,E09000025,Newham,18101,4805,38,1139,15,9396,558,65,1108,977
Manor Park,E09000025,Newham,15746,3958,25,970,12,8125,430,80,1300,846
Maryland,E09000025,Newham,12758,5473,125,334,20,3216,69,99,2490,932
Plaistow North,E09000025,Newham,17666,6034,126,690,16,7625,193,96,1755,1131
Plaistow South,E09000025,Newham,13438,6058,86,347,6,4294,90,56,1705,796
Plaistow West & Canning Town East,E09000025,Newham,16885,7791,108,255,13,4715,134,84,2706,1079
Plashet,E09000025,Newham,11614,1885,27,1565,1,6452,361,34,421,868
Royal Albert,E09000025,Newham,10161,4750,76,389,22,2038,62,57,2036,731
Royal Victoria,E09000025,Newham,14533,5350,158,1231,34,2057,233,135,4204,1131
Stratford,E09000025,Newham,15746,5717,160,711,35,3068,95,136,4509,1315
Stratford Olympic Park,E09000025,Newham,11848,3256,132,384,63,2117,73,71,4803,949
Wall End,E09000025,Newham,16587,5073,74,2919,12,6090,436,53,981,949
West Ham,E09000025,Newham,15702,7280,161,444,25,3913,77,86,2576,1140
Aldborough,E09000026,Redbridge,15592,4631,97,3429,428,4146,602,168,1273,818
Barkingside,E09000026,Redbridge,15213,3477,75,2957,766,4958,835,141,1037,967
Bridge,E09000026,Redbridge,13389,6250,74,654,344,1539,180,74,3397,877
Chadwell,E09000026,Redbridge,16608,5615,72,1480,112,5703,962,75,1633,956
Churchfields,E09000026,Redbridge,15687,6635,103,813,365,2300,198,143,4049,1081
Clayhall,E09000026,Redbridge,13786,2377,60,2823,556,5042,1304,91,815,718
Clementswood,E09000026,Redbridge,13752,2263,31,1337,15,7269,1456,62,559,760
Cranbrook,E09000026,Redbridge,13210,2677,74,1374,322,6071,997,102,823,770
Fairlop,E09000026,Redbridge,14759,5911,131,1743,816,2545,454,83,2158,918
Fullwell,E09000026,Redbridge,15967,5043,121,2151,682,4310,856,139,1639,1026
Goodmayes,E09000026,Redbridge,15163,3639,51,1250,24,6484,1880,66,1073,696
Hainault,E09000026,Redbridge,15699,7288,60,846,402,2613,260,141,3129,960
Ilford Town,E09000026,Redbridge,12122,2651,42,2200,14,5249,504,70,792,600
Loxford,E09000026,Redbridge,15057,3882,36,1525,13,7299,610,83,880,729
Mayfield,E09000026,Redbridge,15995,3269,40,1425,35,7835,1746,59,845,741
Monkhams,E09000026,Redbridge,9540,4495,57,659,475,841,269,70,2166,508
Newbury,E09000026,Redbridge,14322,3323,123,2789,132,5245,1102,68,801,739
Seven Kings,E09000026,Redbridge,15160,3799,71,1583,19,6054,1800,112,942,780
South Woodford,E09000026,Redbridge,12486,4887,95,690,354,1972,293,66,3350,779
Valentines,E09000026,Redbridge,15539,3522,71,1845,108,7027,937,92,1086,851
Wanstead Park,E09000026,Redbridge,8140,3312,32,212,93,1292,153,28,2479,539
Wanstead Village,E09000026,Redbridge,13010,5521,80,566,357,1263,217,86,4071,849
Barnes,E09000027,Richmond upon Thames,10473,5242,82,159,129,427,56,82,3403,893
East Sheen,E09000027,Richmond upon Thames,10675,5229,97,139,148,297,17,74,3958,716
Fulwell & Hampton Hill,E09000027,Richmond upon Thames,10722,4911,54,125,32,297,78,60,4477,688
"Ham, Petersham & Richmond Riverside",E09000027,Richmond upon Thames,10827,4600,106,181,85,703,42,75,4154,881
Hampton,E09000027,Richmond upon Thames,9973,4641,64,205,26,329,126,45,3914,623
Hampton North,E09000027,Richmond upon Thames,10041,4692,95,264,38,479,143,62,3627,641
Hampton Wick & South Teddington,E09000027,Richmond upon Thames,10764,4584,69,179,54,303,37,57,4735,746
Heathfield,E09000027,Richmond upon Thames,10419,4356,92,734,24,1347,587,79,2607,593
Kew,E09000027,Richmond upon Thames,11779,5326,122,216,94,588,81,90,4302,960
Mortlake & Barnes Common,E09000027,Richmond upon Thames,11791,5553,105,104,120,468,46,63,4436,896
North Richmond,E09000027,Richmond upon Thames,10861,4775,108,237,81,434,60,81,4229,856
St Margarets & North Twickenham,E09000027,Richmond upon Thames,11659,5128,113,228,68,364,86,63,4760,849
South Richmond,E09000027,Richmond upon Thames,11084,4871,94,251,141,366,57,87,4285,932
South Twickenham,E09000027,Richmond upon Thames,10837,5061,62,150,33,256,62,53,4449,711
Teddington,E09000027,Richmond upon Thames,10552,4895,70,87,41,212,47,58,4463,679
Twickenham Riverside,E09000027,Richmond upon Thames,11263,4786,69,126,83,382,54,111,4841,811
West Twickenham,E09000027,Richmond upon Thames,11070,4874,91,293,39,494,142,58,4364,715
Whitton,E09000027,Richmond upon Thames,10433,5002,101,523,26,724,267,71,3068,651
Borough & Bankside,E09000028,Southwark,9331,3356,128,214,80,723,37,75,3906,812
Camberwell Green,E09000028,Southwark,15248,7271,133,87,39,1829,17,98,4720,1054
Champion Hill,E09000028,Southwark,9454,4036,91,90,40,870,9,76,3603,639
Chaucer,E09000028,Southwark,15023,5836,134,321,53,2437,65,95,4765,1317
Dulwich Hill,E09000028,Southwark,9703,3766,57,71,33,393,31,39,4743,570
Dulwich Village,E09000028,Southwark,10091,4058,72,147,77,232,37,47,4709,712
Dulwich Wood,E09000028,Southwark,10292,4458,79,241,54,759,26,76,3845,754
Faraday,E09000028,Southwark,12484,6464,132,41,40,1837,19,54,3052,845
Goose Green,E09000028,Southwark,13750,4872,88,136,76,567,37,80,6976,918
London Bridge & West Bermondsey,E09000028,Southwark,14886,5929,196,303,72,1295,50,145,5702,1194
Newington,E09000028,Southwark,13831,6565,151,61,55,1771,21,130,4139,938
North Bermondsey,E09000028,Southwark,15497,6721,142,292,92,1211,29,113,5777,1120
North Walworth,E09000028,Southwark,15639,6395,190,144,78,1908,26,115,5670,1113
Nunhead & Queen's Road,E09000028,Southwark,15622,6981,104,47,49,1461,17,108,5672,1183
Old Kent Road,E09000028,Southwark,18591,9523,171,140,24,2283,45,117,5096,1192
Peckham,E09000028,Southwark,14765,7547,197,69,16,2064,17,122,3682,1051
Peckham Rye,E09000028,Southwark,10180,3947,79,49,34,554,12,50,4768,687
Rotherhithe,E09000028,Southwark,15385,6597,168,249,36,1281,33,124,5667,1230
Rye Lane,E09000028,Southwark,14262,5966,111,68,92,1060,22,84,5853,1006
St George's,E09000028,Southwark,8147,3028,81,140,49,1038,28,55,3109,619
St Giles,E09000028,Southwark,16423,7260,152,89,63,1592,24,124,5911,1208
South Bermondsey,E09000028,Southwark,15935,7574,141,177,37,1718,15,109,5069,1095
Surrey Docks,E09000028,Southwark,13154,5165,179,267,58,775,24,111,5516,1059
Beddington,E09000029,Sutton,11016,5024,82,1085,15,762,33,77,3329,609
Belmont,E09000029,Sutton,11528,4895,59,1081,39,1077,40,109,3514,714
Carshalton Central,E09000029,Sutton,11667,5725,72,413,26,402,14,60,4214,741
Carshalton South & Clockhouse,E09000029,Sutton,10075,4852,69,654,17,381,14,36,3478,574
Cheam,E09000029,Sutton,10829,5174,67,892,35,795,40,34,3083,709
Hackbridge,E09000029,Sutton,6825,2924,38,386,7,535,8,59,2472,396
North Cheam,E09000029,Sutton,11651,5474,136,1068,11,668,20,41,3568,665
St Helier East,E09000029,Sutton,8455,3781,64,381,5,533,9,63,3111,508
St Helier West,E09000029,Sutton,12296,5440,164,710,26,949,13,56,4284,654
South Beddington & Roundshaw,E09000029,Sutton,10808,4713,114,1183,20,858,61,125,3095,639
Stonecot,E09000029,Sutton,7788,3635,62,769,4,684,11,41,2155,427
Sutton Central,E09000029,Sutton,12366,5282,132,664,28,1233,17,89,4142,779
Sutton North,E09000029,Sutton,11307,5432,111,830,16,930,23,47,3231,687
Sutton South,E09000029,Sutton,12168,5349,123,919,37,1132,16,83,3728,781
Sutton West & East Cheam,E09000029,Sutton,11507,5168,150,846,24,796,18,76,3682,747
The Wrythe,E09000029,Sutton,10713,5077,80,404,17,597,17,59,3876,586
Wallington North,E09000029,Sutton,11951,5546,68,615,22,738,17,70,4135,740
Wallington South,E09000029,Sutton,11222,5072,117,871,19,840,26,54,3532,691
Worcester Park North,E09000029,Sutton,8310,3801,58,458,23,534,21,36,2824,555
Worcester Park South,E09000029,Sutton,7174,3618,48,432,17,279,31,33,2325,391
Bethnal Green,E09000030,Tower Hamlets,21210,4360,242,293,85,8659,77,106,5979,1409
Blackwall & Cubitt Town,E09000030,Tower Hamlets,21814,5695,323,1223,96,5715,105,158,6643,1856
Bow East,E09000030,Tower Hamlets,19519,5060,124,137,111,5345,64,130,7375,1173
Bow West,E09000030,Tower Hamlets,13716,3441,104,106,78,4173,68,82,4845,819
Bromley North,E09000030,Tower Hamlets,11442,2392,109,154,26,5475,47,23,2494,722
Bromley South,E09000030,Tower Hamlets,14224,2863,133,164,39,7056,28,52,2906,983
Canary Wharf,E09000030,Tower Hamlets,17938,4856,268,1025,79,4744,85,120,5360,1401
Island Gardens,E09000030,Tower Hamlets,14903,4731,220,668,54,3792,40,110,4179,1109
Lansbury,E09000030,Tower Hamlets,21738,5182,205,366,46,10335,47,83,4161,1313
Limehouse,E09000030,Tower Hamlets,6753,2074,72,170,43,1557,38,60,2171,568
Mile End,E09000030,Tower Hamlets,21800,4304,150,242,52,10255,48,80,5177,1492
Poplar,E09000030,Tower Hamlets,7957,1590,52,169,19,4279,21,33,1322,472
St Dunstan's,E09000030,Tower Hamlets,14354,2466,92,144,58,8088,38,56,2643,769
St Katharine's & Wapping,E09000030,Tower Hamlets,12052,3864,113,279,80,2243,41,78,4394,960
St Peter's,E09000030,Tower Hamlets,19968,3570,154,115,109,8246,50,147,6169,1408
Shadwell,E09000030,Tower Hamlets,12976,2186,85,113,62,7762,11,60,1910,787
Spitalfields & Banglatown,E09000030,Tower Hamlets,13221,2134,157,273,70,5956,26,69,3561,975
Stepney Green,E09000030,Tower Hamlets,12458,2277,70,70,71,7002,25,47,2066,830
Weavers,E09000030,Tower Hamlets,13270,2747,107,101,102,4988,39,67,4283,836
Whitechapel,E09000030,Tower Hamlets,18983,3417,183,491,65,8241,73,99,4983,1431
Cann Hall,E09000031,Waltham Forest,16077,7072,95,268,42,3666,104,195,3556,1079
Cathall,E09000031,Waltham Forest,10547,4447,65,157,33,2442,49,88,2538,728
Chapel End,E09000031,Waltham Forest,14062,5503,62,378,62,2734,26,116,4232,949
Chingford Green,E09000031,Waltham Forest,11569,5969,39,125,115,980,45,127,3361,808
Endlebury,E09000031,Waltham Forest,8945,4447,45,172,83,1096,42,140,2281,639
Forest,E09000031,Waltham Forest,16541,5363,117,237,33,5940,98,124,3587,1042
Grove Green,E09000031,Waltham Forest,14806,5560,99,234,42,3133,122,47,4412,1157
Hale End & Highams Park South,E09000031,Waltham Forest,9435,3917,50,150,65,1405,52,74,3076,646
Hatch Lane & Highams Park North,E09000031,Waltham Forest,13204,6134,64,188,132,1264,45,171,4272,934
High Street,E09000031,Waltham Forest,10767,3505,93,216,40,2631,27,100,3391,764
Higham Hill,E09000031,Waltham Forest,14126,5506,90,361,44,3301,49,153,3659,963
Hoe Street,E09000031,Waltham Forest,14251,5026,98,182,41,3131,34,98,4834,807
Larkswood,E09000031,Waltham Forest,13411,6146,93,275,71,2263,60,292,3303,908
Lea Bridge,E09000031,Waltham Forest,15110,5371,137,235,45,4525,61,129,3573,1034
Leyton,E09000031,Waltham Forest,13781,5152,90,221,43,3903,88,127,3266,891
Leytonstone,E09000031,Waltham Forest,12349,4278,137,168,68,2587,115,83,4035,878
Markhouse,E09000031,Waltham Forest,10116,3069,60,171,37,3627,33,65,2307,747
St James,E09000031,Waltham Forest,12509,3943,79,185,62,2188,43,130,4550,1329
Upper Walthamstow,E09000031,Waltham Forest,8405,3462,39,157,56,1675,36,62,2355,563
Valley,E09000031,Waltham Forest,14299,6784,116,302,45,2738,53,306,2968,987
William Morris,E09000031,Waltham Forest,14643,4708,94,664,57,3035,72,102,4974,937
Wood Street,E09000031,Waltham Forest,9489,3280,67,125,53,1894,29,92,3201,748
Balham,E09000032,Wandsworth,17475,7118,75,430,219,923,32,84,7470,1124
Battersea Park,E09000032,Wandsworth,18950,8997,139,190,114,2118,30,140,5641,1581
East Putney,E09000032,Wandsworth,17165,7107,146,299,108,1438,65,95,6646,1261
Falconbrook,E09000032,Wandsworth,12042,5229,92,136,25,1925,47,107,3618,863
Furzedown,E09000032,Wandsworth,17744,7195,81,561,55,2565,77,104,5892,1214
Lavender,E09000032,Wandsworth,12565,5382,74,138,67,407,19,56,5562,860
Nine Elms,E09000032,Wandsworth,5464,1816,59,102,24,712,23,44,2266,418
Northcote,E09000032,Wandsworth,13341,6369,58,158,85,427,36,52,5254,902
Roehampton,E09000032,Wandsworth,19135,8186,189,211,112,3587,70,120,5287,1373
St Mary's,E09000032,Wandsworth,14290,6209,71,231,71,1067,47,105,5425,1064
Shaftesbury & Queenstown,E09000032,Wandsworth,15771,6887,123,109,44,1713,27,74,5645,1149
South Balham,E09000032,Wandsworth,10113,4147,39,163,61,627,27,42,4381,626
Southfields,E09000032,Wandsworth,12542,5701,75,240,87,716,32,72,4771,848
Thamesfield,E09000032,Wandsworth,16333,7469,127,181,132,672,42,84,6395,1231
Tooting Bec,E09000032,Wandsworth,16992,5853,71,1066,33,2434,104,89,6136,1206
Tooting Broadway,E09000032,Wandsworth,17321,6133,119,865,35,2692,69,107,6095,1206
Trinity,E09000032,Wandsworth,10901,4546,88,204,64,504,41,68,4637,749
Wandle,E09000032,Wandsworth,10888,4866,45,172,21,1100,18,36,3937,693
Wandsworth Common,E09000032,Wandsworth,16609,7626,136,237,80,1143,58,90,6148,1091
Wandsworth Town,E09000032,Wandsworth,18090,7872,132,180,58,1362,33,96,7125,1232
West Hill,E09000032,Wandsworth,16841,6985,224,304,83,2840,21,118,4850,1416
West Putney,E09000032,Wandsworth,16937,7976,107,239,182,1521,60,90,5364,1398
Abbey Road,E09000033,Westminster,12973,4220,191,535,1291,1858,37,120,3357,1364
Bayswater,E09000033,Westminster,12141,4968,127,177,281,1256,23,71,3976,1262
Church Street,E09000033,Westminster,11668,3105,96,97,53,5673,12,57,1741,834
Harrow Road,E09000033,Westminster,11171,4527,104,111,107,2743,9,78,2602,890
Hyde Park,E09000033,Westminster,10111,3052,279,315,257,2583,44,97,2411,1073
Knightsbridge & Belgravia,E09000033,Westminster,11192,5026,141,244,295,1549,50,107,2691,1089
Lancaster Gate,E09000033,Westminster,11260,4107,169,204,190,1580,30,114,3651,1215
Little Venice,E09000033,Westminster,10363,3641,115,188,443,2191,20,58,2581,1126
Maida Vale,E09000033,Westminster,11688,4189,106,192,318,2462,30,120,3115,1156
Marylebone,E09000033,Westminster,12431,4618,174,371,597,1563,47,151,3590,1320
Pimlico North,E09000033,Westminster,10275,4523,112,164,148,1280,34,84,2987,943
Pimlico South,E09000033,Westminster,10574,4648,116,112,80,2083,16,77,2607,835
Queen's Park,E09000033,Westminster,12751,4882,109,69,90,3855,7,72,2683,984
Regent's Park,E09000033,Westminster,11821,3856,171,775,816,1636,57,192,3218,1100
St James's,E09000033,Westminster,10086,3934,223,199,152,998,30,83,3516,951
Vincent Square,E09000033,Westminster,10599,4626,134,164,96,1736,19,67,2879,878
West End,E09000033,Westminster,11253,4405,134,457,320,1452,86,100,3187,1112
Westbourne,E09000033,Westminster,11856,3896,102,100,93,4375,17,83,2153,1037