ward code,ward name,local authority code,local authority name,Usual residents aged 3+,Main language is English,Language not English: Speak English very well,Language not English: Speak English well,Language not English: Cannot speak English well,Language not English: Cannot speak English
E09000001,City of London (aggregated),E09000001,City of London,8444,6621,1301,384,118,20
E05014053,Abbey,E09000002,Barking and Dagenham,3724,2118,704,609,251,42
E05014054,Alibon,E09000002,Barking and Dagenham,9477,7244,812,951,422,48
E05014055,Barking Riverside,E09000002,Barking and Dagenham,9371,7293,930,807,284,57
E05014056,Beam,E09000002,Barking and Dagenham,8023,6109,711,793,346,64
E05014057,Becontree,E09000002,Barking and Dagenham,9397,7089,865,975,419,49
E05014058,Chadwell Heath,E09000002,Barking and Dagenham,13228,10469,1135,1069,496,59
E05014059,Eastbrook & Rush Green,E09000002,Barking and Dagenham,8461,7132,550,542,206,31
E05014060,Eastbury,E09000002,Barking and Dagenham,15064,11286,1324,1605,765,84
E05014061,Gascoigne,E09000002,Barking and Dagenham,10016,7016,1264,1153,512,71
E05014062,Goresbrook,E09000002,Barking and Dagenham,13128,10344,1037,1144,529,74
E05014063,Heath,E09000002,Barking and Dagenham,8718,7072,667,653,276,50
E05014064,Longbridge,E09000002,Barking and Dagenham,12798,9694,1156,1158,679,111
E05014065,Mayesbrook,E09000002,Barking and Dagenham,14880,11132,1492,1494,662,100
E05014066,Northbury,E09000002,Barking and Dagenham,12504,8049,1531,1847,934,143
E05014067,Parsloes,E09000002,Barking and Dagenham,14572,11422,1170,1313,589,78
E05014068,Thames View,E09000002,Barking and Dagenham,5415,4193,393,529,271,29
E05014069,Valence,E09000002,Barking and Dagenham,14606,11455,1226,1284,542,99
E05014070,Village,E09000002,Barking and Dagenham,12077,9620,911,1009,480,57
E05014071,Whalebone,E09000002,Barking and Dagenham,13430,9926,1447,1367,623,67
E05013628,Barnet Vale,E09000003,Barnet,16515,14086,1123,900,351,55
E05013629,Brunswick Park,E09000003,Barnet,15761,13022,1283,975,410,71
E05013630,Burnt Oak,E09000003,Barnet,20739,14072,2528,2844,1133,162
E05013631,Childs Hill,E09000003,Barnet,18734,13914,2288,1656,767,109
E05013632,Colindale North,E09000003,Barnet,12127,8213,1544,1502,720,148
E05013633,Colindale South,E09000003,Barnet,18200,11514,3046,2464,1041,135
E05013634,Cricklewood,E09000003,Barnet,9996,6911,1207,1217,582,79
E05013635,East Barnet,E09000003,Barnet,17337,14648,1179,1006,437,67
E05013636,East Finchley,E09000003,Barnet,15824,12777,1613,992,388,54
E05013637,Edgware,E09000003,Barnet,19046,14971,1836,1540,596,103
E05013638,Edgwarebury,E09000003,Barnet,11926,9799,923,830,330,44
E05013639,Finchley Church End,E09000003,Barnet,18203,14348,1849,1321,609,76
E05013640,Friern Barnet,E09000003,Barnet,18409,14226,1935,1454,691,103
E05013641,Garden Suburb,E09000003,Barnet,12233,10575,974,462,192,30
E05013642,Golders Green,E09000003,Barnet,14307,11577,1262,981,433,54
E05013643,Hendon,E09000003,Barnet,21048,15403,2447,2197,904,97
E05013644,High Barnet,E09000003,Barnet,11645,10228,792,426,164,35
E05013645,Mill Hill,E09000003,Barnet,17161,14026,1500,1130,446,59
E05013646,Totteridge & Woodside,E09000003,Barnet,14423,11731,1393,867,374,58
E05013647,Underhill,E09000003,Barnet,11925,10087,921,642,229,46
E05013648,West Finchley,E09000003,Barnet,18650,13464,2412,1801,829,144
E05013649,West Hendon,E09000003,Barnet,16590,10451,2479,2536,979,145
E05013650,Whetstone,E09000003,Barnet,10525,8686,873,636,283,47
E05013651,Woodhouse,E09000003,Barnet,13828,10352,1488,1307,590,91
E05011217,Barnehurst,E09000004,Bexley,11276,10474,384,296,105,17
E05011218,Belvedere,E09000004,Bexley,16873,14055,1180,1072,489,77
E05011219,Bexleyheath,E09000004,Bexley,15390,13997,710,467,184,32
E05011220,Blackfen & Lamorbey,E09000004,Bexley,15602,14756,458,263,103,22
E05011221,Blendon & Penhill,E09000004,Bexley,15009,14337,383,173,96,20
E05011222,Crayford,E09000004,Bexley,15361,14074,645,447,171,24
E05011223,Crook Log,E09000004,Bexley,15368,13936,820,391,193,28
E05011224,East Wickham,E09000004,Bexley,15652,13523,1054,694,314,67
E05011225,Erith,E09000004,Bexley,12093,10474,743,597,239,40
E05011226,Falconwood & Welling,E09000004,Bexley,16079,14141,990,634,276,38
E05011227,Longlands,E09000004,Bexley,9698,9175,295,177,45,6
E05011228,Northumberland Heath,E09000004,Bexley,10671,9759,406,344,141,21
E05011229,St Mary's & St James,E09000004,Bexley,10486,9985,276,151,62,12
E05011230,Sidcup,E09000004,Bexley,15216,14181,544,333,137,21
E05011231,Slade Green & Northend,E09000004,Bexley,12331,11093,615,433,169,21
E05011232,Thamesmead East,E09000004,Bexley,15349,13188,916,760,403,82
E05011233,West Heath,E09000004,Bexley,15193,13828,720,415,193,37
E05013496,Alperton,E09000005,Brent,14468,7236,2320,2674,1737,501
E05013497,Barnhill,E09000005,Brent,11053,7486,1398,1438,638,93
E05013498,Brondesbury Park,E09000005,Brent,13176,9844,1606,1114,493,119
E05013499,Cricklewood & Mapesbury,E09000005,Brent,13508,9449,1773,1492,670,124
E05013500,Dollis Hill,E09000005,Brent,20787,13445,2477,2971,1586,308
E05013501,Harlesden & Kensal Green,E09000005,Brent,19391,14078,1929,2137,1069,178
E05013502,Kenton,E09000005,Brent,17143,11171,2606,2211,975,180
E05013503,Kilburn,E09000005,Brent,16663,12555,2011,1422,581,94
E05013504,Kingsbury,E09000005,Brent,10982,7177,1495,1491,719,100
E05013505,Northwick Park,E09000005,Brent,11785,8046,1734,1388,523,94
E05013506,Preston,E09000005,Brent,11924,7132,1851,2002,801,138
E05013507,Queens Park,E09000005,Brent,16434,13339,1581,984,445,85
E05013508,Queensbury,E09000005,Brent,16289,9636,2490,2857,1123,183
E05013509,Roundwood,E09000005,Brent,15996,11174,1708,1919,1029,166
E05013510,Stonebridge,E09000005,Brent,19478,14371,1852,2004,1072,179
E05013511,Sudbury,E09000005,Brent,13269,7699,2186,2241,997,146
E05013512,Tokyngton,E09000005,Brent,9667,6327,1189,1325,692,134
E05013513,Welsh Harp,E09000005,Brent,17529,11085,2199,2803,1251,191
E05013514,Wembley Central,E09000005,Brent,17358,8988,2787,3129,1860,594
E05013515,Wembley Hill,E09000005,Brent,15024,9497,2077,2185,1106,159
E05013516,Wembley Park,E09000005,Brent,7339,5040,1412,689,164,34
E05013517,Willesden Green,E09000005,Brent,18516,12595,2379,2205,1080,257
E05013987,Beckenham Town & Copers Cope,E09000006,Bromley,15438,13747,1059,475,135,22
E05013988,Bickley & Sundridge,E09000006,Bromley,17220,16109,692,283,121,15
E05013989,Biggin Hill,E09000006,Bromley,10614,10410,132,48,21,3
E05013990,Bromley Common & Holwood,E09000006,Bromley,18253,16996,745,354,131,27
E05013991,Bromley Town,E09000006,Bromley,15209,12922,1360,681,208,38
E05013992,Chelsfield,E09000006,Bromley,11182,10331,623,164,54,10
E05013993,Chislehurst,E09000006,Bromley,15026,14185,535,222,72,12
E05013994,Clock House,E09000006,Bromley,16402,15026,764,420,166,26
E05013995,Crystal Palace & Anerley,E09000006,Bromley,11480,9849,853,508,229,41
E05013996,Darwin,E09000006,Bromley,5387,5269,69,33,14,2
E05013997,Farnborough & Crofton,E09000006,Bromley,17341,16271,742,256,59,13
E05013998,Hayes & Coney Hall,E09000006,Bromley,15425,14833,368,168,43,13
E05013999,Kelsey & Eden Park,E09000006,Bromley,15041,14142,525,244,115,15
E05014000,Mottingham,E09000006,Bromley,11034,9836,645,376,162,15
E05014001,Orpington,E09000006,Bromley,11855,10733,669,340,96,17
E05014002,Penge & Cator,E09000006,Bromley,18331,16205,1039,747,291,49
E05014003,Petts Wood & Knoll,E09000006,Bromley,16297,15208,706,282,87,14
E05014004,Plaistow,E09000006,Bromley,12337,11056,670,427,163,21
E05014005,Shortlands & Park Langley,E09000006,Bromley,16111,14645,909,415,129,13
E05014006,St Mary Cray,E09000006,Bromley,17944,16511,794,446,162,31
E05014007,St Paul's Cray,E09000006,Bromley,16253,14820,727,505,174,27
E05014008,West Wickham,E09000006,Bromley,14408,13790,331,184,88,15
E05013652,Belsize,E09000007,Camden,11673,9182,1859,479,140,13
E05013653,Bloomsbury,E09000007,Camden,11220,8182,1981,737,286,34
E05013654,Camden Square,E09000007,Camden,6912,5549,800,351,182,30
E05013655,Camden Town,E09000007,Camden,6640,5219,791,407,190,33
E05013656,Fortune Green,E09000007,Camden,11206,8873,1398,648,257,30
E05013657,Frognal,E09000007,Camden,7443,5941,986,362,136,18
E05013658,Gospel Oak,E09000007,Camden,11397,9320,1182,579,274,42
E05013659,Hampstead Town,E09000007,Camden,7835,6648,906,211,62,8
E05013660,Haverstock,E09000007,Camden,11604,9437,1138,602,355,72
E05013661,Highgate,E09000007,Camden,9963,8933,639,271,102,18
E05013662,Holborn & Covent Garden,E09000007,Camden,10125,7914,1240,609,290,72
E05013663,Kentish Town North,E09000007,Camden,7103,6090,633,255,107,18
E05013664,Kentish Town South,E09000007,Camden,10034,8179,1028,489,290,48
E05013665,Kilburn,E09000007,Camden,11607,8473,1516,1050,493,75
E05013666,King's Cross,E09000007,Camden,11171,7903,1804,988,399,77
E05013667,Primrose Hill,E09000007,Camden,12001,9619,1441,644,248,49
E05013668,Regent's Park,E09000007,Camden,11611,8736,1499,917,396,63
E05013669,St Pancras & Somers Town,E09000007,Camden,12099,9217,1298,1029,454,101
E05013670,South Hampstead,E09000007,Camden,11599,8705,1890,713,257,34
E05013671,West Hampstead,E09000007,Camden,10815,8530,1423,555,264,43
E05011462,Addiscombe East,E09000008,Croydon,11345,9682,718,623,267,55
E05011463,Addiscombe West,E09000008,Croydon,14925,11776,1508,1078,495,68
E05011464,Bensham Manor,E09000008,Croydon,16327,12171,1534,1677,822,123
E05011465,Broad Green,E09000008,Croydon,19216,13673,2197,2277,949,120
E05011466,Coulsdon Town,E09000008,Croydon,14542,13438,679,287,114,24
E05011467,Crystal Palace & Upper Norwood,E09000008,Croydon,15605,13560,973,706,306,60
E05011468,Fairfield,E09000008,Croydon,14942,11075,2018,1254,504,91
E05011469,Kenley,E09000008,Croydon,10071,9404,391,191,75,10
E05011470,New Addington North,E09000008,Croydon,10769,9688,485,389,185,22
E05011471,New Addington South,E09000008,Croydon,10835,9934,456,306,121,18
E05011472,Norbury & Pollards Hill,E09000008,Croydon,12007,8969,1232,1175,526,105
E05011473,Norbury Park,E09000008,Croydon,10260,8251,840,754,354,61
E05011474,Old Coulsdon,E09000008,Croydon,9410,8971,253,134,39,13
E05011475,Park Hill & Whitgift,E09000008,Croydon,5564,4282,789,342,132,19
E05011476,Purley & Woodcote,E09000008,Croydon,15984,14254,985,519,183,43
E05011477,Purley Oaks & Riddlesdown,E09000008,Croydon,10109,9002,614,336,133,24
E05011478,Sanderstead,E09000008,Croydon,15061,14142,551,253,91,24
E05011479,Selhurst,E09000008,Croydon,12315,9661,1016,1042,526,70
E05011480,Selsdon & Addington Village,E09000008,Croydon,10040,9187,465,273,102,13
E05011481,Selsdon Vale & Forestdale,E09000008,Croydon,9348,8702,386,189,61,10
E05011482,Shirley North,E09000008,Croydon,14866,13419,693,518,204,32
E05011483,Shirley South,E09000008,Croydon,10511,9533,477,349,139,13
E05011484,South Croydon,E09000008,Croydon,16399,13807,1296,935,310,51
E05011485,South Norwood,E09000008,Croydon,15824,13110,1168,1001,477,68
E05011486,Thornton Heath,E09000008,Croydon,17292,14048,1241,1231,650,122
E05011487,Waddon,E09000008,Croydon,17683,14394,1604,1176,446,63
E05011488,West Thornton,E09000008,Croydon,17908,12848,2014,1976,925,145
E05011489,Woodside,E09000008,Croydon,16386,14363,921,708,340,54
E05013518,Central Greenford,E09000009,Ealing,13526,8745,1810,1939,910,122
E05013519,Dormers Wells,E09000009,Ealing,14684,8838,2094,2272,1271,209
E05013520,Ealing Broadway,E09000009,Ealing,13753,9941,1909,1232,564,107
E05013521,Ealing Common,E09000009,Ealing,15333,11682,1899,1188,486,78
E05013522,East Acton,E09000009,Ealing,15475,10725,2174,1776,698,102
E05013523,Greenford Broadway,E09000009,Ealing,16392,11169,2044,2096,900,183
E05013524,Hanger Hill,E09000009,Ealing,16233,11092,2378,1765,831,167
E05013525,Hanwell Broadway,E09000009,Ealing,14568,11241,1483,1192,575,77
E05013526,Lady Margaret,E09000009,Ealing,15621,9013,2446,2571,1309,282
E05013527,North Acton,E09000009,Ealing,17849,12154,2479,2082,976,158
E05013528,North Greenford,E09000009,Ealing,15620,10125,2163,2305,900,127
E05013529,North Hanwell,E09000009,Ealing,14567,10963,1416,1476,617,95
E05013530,Northfield,E09000009,Ealing,13951,11523,1337,788,273,30
E05013531,Northolt Mandeville,E09000009,Ealing,16722,11230,2207,2263,880,142
E05013532,Northolt West End,E09000009,Ealing,15802,10915,1976,1982,763,166
E05013533,Norwood Green,E09000009,Ealing,14872,9724,1990,1775,1105,278
E05013534,Perivale,E09000009,Ealing,15697,9971,2287,2273,994,172
E05013535,Pitshanger,E09000009,Ealing,14697,11609,1483,1030,506,69
E05013536,South Acton,E09000009,Ealing,16357,11866,2110,1555,701,125
E05013537,Southall Broadway,E09000009,Ealing,10607,6163,1460,1781,1009,194
E05013538,Southall Green,E09000009,Ealing,15798,8652,2334,2758,1670,384
E05013539,Southall West,E09000009,Ealing,6570,3481,1034,1204,726,125
E05013540,Southfield,E09000009,Ealing,15600,12841,1745,705,285,24
E05013541,Walpole,E09000009,Ealing,14135,11194,1450,936,491,64
E05013672,Arnos Grove,E09000010,Enfield,8564,6775,821,606,318,44
E05013673,Bowes,E09000010,Enfield,10386,6532,1395,1515,833,111
E05013674,Brimsdown,E09000010,Enfield,15661,11751,1197,1520,1009,184
E05013675,Bullsmoor,E09000010,Enfield,11001,8638,645,894,677,147
E05013676,Bush Hill Park,E09000010,Enfield,12560,10729,731,669,363,68
E05013677,Carterhatch,E09000010,Enfield,12296,9376,819,1139,832,130
E05013678,Cockfosters,E09000010,Enfield,9823,8202,680,620,272,49
E05013679,Edmonton Green,E09000010,Enfield,16351,10941,1519,2030,1566,295
E05013680,Enfield Lock,E09000010,Enfield,17104,13096,1313,1429,1080,186
E05013681,Grange Park,E09000010,Enfield,8363,7220,501,405,195,42
E05013682,Haselbury,E09000010,Enfield,17565,11911,1625,2238,1532,259
E05013683,Highfield,E09000010,Enfield,9248,6989,774,957,457,71
E05013684,Jubilee,E09000010,Enfield,15735,11046,1398,1774,1307,210
E05013685,Lower Edmonton,E09000010,Enfield,15975,11021,1443,1934,1334,243
E05013686,New Southgate,E09000010,Enfield,10721,7595,1263,1212,578,73
E05013687,Oakwood,E09000010,Enfield,8439,7145,559,488,214,33
E05013688,Palmers Green,E09000010,Enfield,10383,7508,1105,1037,624,109
E05013689,Ponders End,E09000010,Enfield,12909,9221,1062,1450,1001,175
E05013690,Ridgeway,E09000010,Enfield,12365,10968,617,510,238,32
E05013691,Southbury,E09000010,Enfield,14662,11994,972,1038,567,91
E05013692,Southgate,E09000010,Enfield,14720,11374,1366,1235,634,111
E05013693,Town,E09000010,Enfield,12832,11257,629,598,293,55
E05013694,Upper Edmonton,E09000010,Enfield,16148,10815,1588,2033,1456,256
E05013695,Whitewebbs,E09000010,Enfield,13828,12193,669,556,356,54
E05013696,Winchmore Hill,E09000010,Enfield,10064,8565,614,582,266,37
E05014072,Abbey Wood,E09000011,Greenwich,16703,13624,1230,1244,520,85
E05014073,Blackheath Westcombe,E09000011,Greenwich,14472,12910,1018,345,167,32
E05014074,Charlton Hornfair,E09000011,Greenwich,12064,10062,921,709,310,62
E05014075,Charlton Village & Riverside,E09000011,Greenwich,9920,8122,853,571,309,65
E05014076,East Greenwich,E09000011,Greenwich,13813,11536,1490,548,215,24
E05014077,Eltham Page,E09000011,Greenwich,9637,8164,673,526,240,34
E05014078,Eltham Park & Progress,E09000011,Greenwich,10034,9136,467,268,130,33
E05014079,Eltham Town & Avery Hill,E09000011,Greenwich,14991,13229,898,575,237,52
E05014080,Greenwich Creekside,E09000011,Greenwich,10786,8554,1386,605,205,36
E05014081,Greenwich Park,E09000011,Greenwich,9930,8433,953,337,171,36
E05014082,Greenwich Peninsula,E09000011,Greenwich,10946,8166,1846,680,216,38
E05014083,Kidbrooke Park,E09000011,Greenwich,9763,8178,767,524,255,39
E05014084,Kidbrooke Village & Sutcliffe,E09000011,Greenwich,5667,4536,686,325,99,21
E05014085,Middle Park & Horn Park,E09000011,Greenwich,9345,8141,515,445,206,38
E05014086,"Mottingham, Coldharbour & New Eltham",E09000011,Greenwich,13997,12459,779,503,208,48
E05014087,Plumstead & Glyndon,E09000011,Greenwich,20844,14228,2272,2732,1242,370
E05014088,Plumstead Common,E09000011,Greenwich,15024,12408,1143,950,439,84
E05014089,Shooters Hill,E09000011,Greenwich,11416,9516,807,646,373,74
E05014090,Thamesmead Moorings,E09000011,Greenwich,11879,10052,830,649,303,45
E05014091,West Thamesmead,E09000011,Greenwich,11316,9121,1012,755,377,51
E05014092,Woolwich Arsenal,E09000011,Greenwich,11754,8772,1666,834,409,73
E05014093,Woolwich Common,E09000011,Greenwich,12453,9412,1183,1164,572,122
E05014094,Woolwich Dockyard,E09000011,Greenwich,10891,8312,1037,936,510,96
E05009367,Brownswood,E09000012,Hackney,8649,6923,871,517,284,54
E05009368,Cazenove,E09000012,Hackney,14262,10784,1236,1148,917,177
E05009369,Clissold,E09000012,Hackney,12117,10275,908,504,363,67
E05009370,Dalston,E09000012,Hackney,8755,7165,949,375,225,41
E05009371,De Beauvoir,E09000012,Hackney,8708,7172,866,411,220,39
E05009372,Hackney Central,E09000012,Hackney,12551,10213,1177,620,460,81
E05009373,Hackney Downs,E09000012,Hackney,12615,10172,1036,712,586,109
E05009374,Hackney Wick,E09000012,Hackney,12004,10215,774,564,380,71
E05009375,Haggerston,E09000012,Hackney,14027,11037,1557,769,552,112
E05009376,Homerton,E09000012,Hackney,12701,10131,1097,805,563,105
E05009377,Hoxton East & Shoreditch,E09000012,Hackney,11763,8989,1614,683,408,69
E05009378,Hoxton West,E09000012,Hackney,13390,9956,2041,878,465,50
E05009379,King's Park,E09000012,Hackney,12762,10557,941,673,481,110
E05009380,Lea Bridge,E09000012,Hackney,13849,11272,1230,779,475,93
E05009381,London Fields,E09000012,Hackney,11963,9926,986,526,439,86
E05009382,Shacklewell,E09000012,Hackney,8493,6770,750,550,349,74
E05009383,Springfield,E09000012,Hackney,14319,10990,1039,1274,851,165
E05009384,Stamford Hill West,E09000012,Hackney,9562,7463,638,836,526,99
E05009385,Stoke Newington,E09000012,Hackney,13132,11012,1003,600,441,76
E05009386,Victoria,E09000012,Hackney,11869,10005,1003,449,343,69
E05009387,Woodberry Down,E09000012,Hackney,11738,8673,1291,1017,626,131
E05013733,Addison,E09000013,Hammersmith and Fulham,7589,5656,1162,548,199,24
E05013734,Avonmore,E09000013,Hammersmith and Fulham,7364,5442,1230,509,155,28
E05013735,Brook Green,E09000013,Hammersmith and Fulham,7844,5968,1272,430,152,22
E05013736,College Park & Old Oak,E09000013,Hammersmith and Fulham,9704,7131,1222,965,330,56
E05013737,Coningham,E09000013,Hammersmith and Fulham,10476,8193,1256,773,229,25
E05013738,Fulham Reach,E09000013,Hammersmith and Fulham,11284,8995,1470,614,181,24
E05013739,Fulham Town,E09000013,Hammersmith and Fulham,7244,6038,854,266,71,15
E05013740,Grove,E09000013,Hammersmith and Fulham,7221,5810,900,358,132,21
E05013741,Hammersmith Broadway,E09000013,Hammersmith and Fulham,7436,5642,1003,556,211,24
E05013742,Lillie,E09000013,Hammersmith and Fulham,6481,4979,915,439,130,18
E05013743,Munster,E09000013,Hammersmith and Fulham,11945,9829,1430,497,172,17
E05013744,Palace & Hurlingham,E09000013,Hammersmith and Fulham,11144,9251,1283,426,157,27
E05013745,Parsons Green & Sandford,E09000013,Hammersmith and Fulham,7631,6389,895,241,83,23
E05013746,Ravenscourt,E09000013,Hammersmith and Fulham,6768,5353,812,417,155,31
E05013747,Sands End,E09000013,Hammersmith and Fulham,10532,8489,1298,539,184,22
E05013748,Shepherd's Bush Green,E09000013,Hammersmith and Fulham,5448,4035,737,493,154,29
E05013749,Walham Green,E09000013,Hammersmith and Fulham,7525,6089,896,396,126,18
E05013750,Wendell Park,E09000013,Hammersmith and Fulham,7174,5866,788,351,150,19
E05013751,West Kensington,E09000013,Hammersmith and Fulham,9270,7076,1243,685,235,31
E05013752,White City,E09000013,Hammersmith and Fulham,9964,7471,1191,913,339,50
E05013753,Wormholt,E09000013,Hammersmith and Fulham,7573,5956,852,548,195,22
E05013585,Alexandra Park,E09000014,Haringey,8765,7838,528,272,106,21
E05013586,Bounds Green,E09000014,Haringey,9433,6636,1163,973,571,90
E05013587,Bruce Castle,E09000014,Haringey,13535,9124,1249,1597,1286,279
E05013588,Crouch End,E09000014,Haringey,12543,10854,1059,409,177,44
E05013589,Fortis Green,E09000014,Haringey,12497,10835,998,444,186,34
E05013590,Harringay,E09000014,Haringey,13940,9349,1867,1527,981,216
E05013591,Hermitage & Gardens,E09000014,Haringey,8678,5936,1061,980,586,115
E05013592,Highgate,E09000014,Haringey,12134,10489,1127,341,157,20
E05013593,Hornsey,E09000014,Haringey,14247,12044,1120,637,375,71
E05013594,Muswell Hill,E09000014,Haringey,8579,7419,731,280,120,29
E05013595,Noel Park,E09000014,Haringey,13288,8725,1548,1789,1076,150
E05013596,Northumberland Park,E09000014,Haringey,14222,9267,1373,1880,1422,280
E05013597,St Ann's,E09000014,Haringey,9888,6613,1041,1176,883,175
E05013598,Seven Sisters,E09000014,Haringey,9013,6028,915,1179,748,143
E05013599,South Tottenham,E09000014,Haringey,16251,11249,1501,1873,1341,287
E05013600,Stroud Green,E09000014,Haringey,10566,9102,777,392,243,52
E05013601,Tottenham Central,E09000014,Haringey,13891,9094,1550,1931,1106,210
E05013602,Tottenham Hale,E09000014,Haringey,11516,7490,1413,1577,884,152
E05013603,West Green,E09000014,Haringey,14215,9449,1638,1804,1118,206
E05013604,White Hart Lane,E09000014,Haringey,13061,8869,1264,1552,1163,213
E05013605,Woodside,E09000014,Haringey,14863,9255,1963,2218,1235,192
E05013542,Belmont,E09000015,Harrow,8865,6550,1033,881,347,54
E05013543,Canons,E09000015,Harrow,8858,6806,917,781,309,45
E05013544,Centenary,E09000015,Harrow,14007,8884,2259,1955,778,131
E05013545,Edgware,E09000015,Harrow,15379,8797,2308,2798,1267,209
E05013546,Greenhill,E09000015,Harrow,10849,6748,2056,1389,558,98
E05013547,Harrow on the Hill,E09000015,Harrow,10434,7742,1237,983,381,91
E05013548,Harrow Weald,E09000015,Harrow,14109,10492,1494,1360,645,118
E05013549,Hatch End,E09000015,Harrow,9239,7364,1035,601,201,38
E05013550,Headstone,E09000015,Harrow,14511,10634,1980,1332,494,71
E05013551,Kenton East,E09000015,Harrow,14034,8012,2239,2443,1117,223
E05013552,Kenton West,E09000015,Harrow,9280,6008,1563,1158,470,81
E05013553,Marlborough,E09000015,Harrow,10853,7005,1691,1458,586,113
E05013554,North Harrow,E09000015,Harrow,8940,6342,1297,913,349,39
E05013555,Pinner,E09000015,Harrow,12838,10644,1194,694,268,38
E05013556,Pinner South,E09000015,Harrow,14717,12063,1488,799,324,43
E05013557,Rayners Lane,E09000015,Harrow,9340,6015,1556,1282,434,53
E05013558,Roxbourne,E09000015,Harrow,9471,6385,1351,1193,472,70
E05013559,Roxeth,E09000015,Harrow,15206,9531,2335,2278,904,158
E05013560,Stanmore,E09000015,Harrow,13261,10321,1321,1093,448,78
E05013561,Wealdstone North,E09000015,Harrow,9891,6529,1336,1344,568,114
E05013562,Wealdstone South,E09000015,Harrow,7697,4576,1161,1263,591,106
E05013563,West Harrow,E09000015,Harrow,10147,7006,1414,1182,476,69
E05013967,Beam Park,E09000016,Havering,4997,4322,286,279,97,13
E05013968,Cranham,E09000016,Havering,12589,12092,269,158,61,9
E05013969,Elm Park,E09000016,Havering,15845,14208,775,570,250,42
E05013970,Emerson Park,E09000016,Havering,8959,8240,419,201,85,14
E05013971,Gooshays,E09000016,Havering,16661,14763,894,692,264,48
E05013972,Hacton,E09000016,Havering,8808,8300,266,165,64,13
E05013973,Harold Wood,E09000016,Havering,13390,12194,623,387,157,29
E05013974,Havering-atte-Bower,E09000016,Havering,15667,14276,575,565,221,30
E05013975,Heaton,E09000016,Havering,16872,14642,947,900,316,67
E05013976,Hylands & Harrow Lodge,E09000016,Havering,13726,12774,430,354,136,32
E05013977,Marshalls & Rise Park,E09000016,Havering,12707,11636,520,399,136,16
E05013978,Mawneys,E09000016,Havering,13975,12637,583,521,200,34
E05013979,Rainham & Wennington,E09000016,Havering,13065,11603,617,567,231,47
E05013980,Rush Green & Crowlands,E09000016,Havering,15013,12151,1340,1044,388,90
E05013981,St Alban's,E09000016,Havering,7819,6321,584,618,257,39
E05013982,St Andrew's,E09000016,Havering,13792,12980,390,271,126,25
E05013983,St Edward's,E09000016,Havering,10175,8679,691,555,215,35
E05013984,South Hornchurch,E09000016,Havering,10167,9040,519,427,161,20
E05013985,Squirrels Heath,E09000016,Havering,15052,13857,602,408,163,22
E05013986,Upminster,E09000016,Havering,13041,12617,226,134,56,8
E05013564,Belmore,E09000017,Hillingdon,16769,10078,2629,2673,1175,214
E05013565,Charville,E09000017,Hillingdon,11043,7976,1368,1168,441,90
E05013566,Colham & Cowley,E09000017,Hillingdon,18564,14707,1910,1309,537,101
E05013567,Eastcote,E09000017,Hillingdon,16182,14283,1069,589,211,30
E05013568,Harefield Village,E09000017,Hillingdon,5584,5180,237,132,31,4
E05013569,Hayes Town,E09000017,Hillingdon,14600,9707,2038,1821,856,178
E05013570,Heathrow Villages,E09000017,Hillingdon,13466,9622,1595,1558,601,90
E05013571,Hillingdon East,E09000017,Hillingdon,15092,12448,1285,940,351,68
E05013572,Hillingdon West,E09000017,Hillingdon,9484,7558,1071,616,204,35
E05013573,Ickenham & South Harefield,E09000017,Hillingdon,14998,13498,866,443,163,28
E05013574,Northwood,E09000017,Hillingdon,10976,9299,904,548,190,35
E05013575,Northwood Hills,E09000017,Hillingdon,11464,9405,1070,722,226,41
E05013576,Pinkwell,E09000017,Hillingdon,16241,10659,2285,2184,949,164
E05013577,Ruislip,E09000017,Hillingdon,15051,13591,825,445,158,32
E05013578,Ruislip Manor,E09000017,Hillingdon,10426,9237,609,416,142,22
E05013579,South Ruislip,E09000017,Hillingdon,16336,13740,1343,870,318,65
E05013580,Uxbridge,E09000017,Hillingdon,17459,13770,1850,1245,524,70
E05013581,West Drayton,E09000017,Hillingdon,17618,13707,1965,1343,522,81
E05013582,Wood End,E09000017,Hillingdon,18621,13048,2246,2176,946,205
E05013583,Yeading,E09000017,Hillingdon,12913,9054,1648,1533,568,110
E05013584,Yiewsley,E09000017,Hillingdon,11303,8680,1214,962,381,66
E05013606,Bedfont,E09000018,Hounslow,14737,10776,1788,1477,594,102
E05013607,Brentford East,E09000018,Hounslow,8211,6187,1058,661,271,34
E05013608,Brentford West,E09000018,Hounslow,8225,6596,831,563,209,26
E05013609,Chiswick Gunnersbury,E09000018,Hounslow,12380,9699,1624,742,276,39
E05013610,Chiswick Homefields,E09000018,Hounslow,13463,11365,1329,528,216,25
E05013611,Chiswick Riverside,E09000018,Hounslow,9551,8075,938,357,153,28
E05013612,Cranford,E09000018,Hounslow,15426,10303,2032,1997,922,172
E05013613,Feltham North,E09000018,Hounslow,12305,8635,1542,1459,531,138
E05013614,Feltham West,E09000018,Hounslow,15613,11627,1889,1428,545,124
E05013615,Hanworth Park,E09000018,Hounslow,9697,7319,1121,860,333,64
E05013616,Hanworth Village,E09000018,Hounslow,15894,12083,1648,1433,636,94
E05013617,Heston Central,E09000018,Hounslow,14023,9018,2188,1745,857,215
E05013618,Heston East,E09000018,Hounslow,11146,6811,1886,1553,731,165
E05013619,Heston West,E09000018,Hounslow,14763,9102,2399,2049,973,240
E05013620,Hounslow Central,E09000018,Hounslow,10084,5965,1943,1477,597,102
E05013621,Hounslow East,E09000018,Hounslow,8385,5312,1298,1189,502,84
E05013622,Hounslow Heath,E09000018,Hounslow,15481,9921,2287,2122,971,180
E05013623,Hounslow South,E09000018,Hounslow,13442,9965,1582,1287,515,93
E05013624,Hounslow West,E09000018,Hounslow,15259,9745,2412,1967,933,202
E05013625,Isleworth,E09000018,Hounslow,13534,10849,1299,980,354,52
E05013626,Osterley & Spring Grove,E09000018,Hounslow,14075,10447,1867,1226,474,61
E05013627,Syon & Brentford Lock,E09000018,Hounslow,11672,9051,1352,926,304,39
E05013697,Arsenal,E09000019,Islington,12605,10287,1360,627,293,38
E05013698,Barnsbury,E09000019,Islington,11506,9695,1173,392,214,32
E05013699,Bunhill,E09000019,Islington,10850,8363,1544,672,243,28
E05013700,Caledonian,E09000019,Islington,11004,8232,1533,772,418,49
E05013701,Canonbury,E09000019,Islington,12042,10092,1113,544,250,43
E05013702,Clerkenwell,E09000019,Islington,10633,8522,1329,548,216,18
E05013703,Finsbury Park,E09000019,Islington,13969,10598,1523,1064,657,127
E05013704,Highbury,E09000019,Islington,13431,11492,1174,443,262,60
E05013705,Hillrise,E09000019,Islington,14343,12005,1171,728,363,76
E05013706,Holloway,E09000019,Islington,12029,9133,1603,888,350,55
E05013707,Junction,E09000019,Islington,12586,10280,1336,669,247,54
E05013708,Laycock,E09000019,Islington,12821,10637,1189,626,308,61
E05013709,Mildmay,E09000019,Islington,13733,11499,1154,672,343,65
E05013710,St Mary's & St James',E09000019,Islington,11264,9389,1245,390,212,28
E05013711,St Peter's & Canalside,E09000019,Islington,11242,8865,1527,558,251,41
E05013712,Tollington,E09000019,Islington,13525,10908,1388,772,395,62
E05013713,Tufnell Park,E09000019,Islington,12067,9826,1301,624,278,38
E05009388,Abingdon,E09000020,Kensington and Chelsea,7961,5821,1393,570,167,10
E05009389,Brompton & Hans Town,E09000020,Kensington and Chelsea,7877,5903,1371,475,121,7
E05009390,Campden,E09000020,Kensington and Chelsea,8228,6403,1276,415,109,25
E05009391,Chelsea Riverside,E09000020,Kensington and Chelsea,7284,5809,777,480,195,23
E05009392,Colville,E09000020,Kensington and Chelsea,8366,6784,904,453,188,37
E05009393,Courtfield,E09000020,Kensington and Chelsea,8020,5715,1721,443,111,30
E05009394,Dalgarno,E09000020,Kensington and Chelsea,6768,5460,608,499,174,27
E05009395,Earl's Court,E09000020,Kensington and Chelsea,8676,5900,1836,682,232,26
E05009396,Golborne,E09000020,Kensington and Chelsea,8682,6712,897,728,294,51
E05009397,Holland,E09000020,Kensington and Chelsea,8996,6556,1456,697,247,40
E05009398,Norland,E09000020,Kensington and Chelsea,5319,4422,643,198,52,4
E05009399,Notting Dale,E09000020,Kensington and Chelsea,9123,7225,797,697,363,41
E05009400,Pembridge,E09000020,Kensington and Chelsea,5227,3988,849,296,86,8
E05009401,Queen's Gate,E09000020,Kensington and Chelsea,7450,5182,1563,562,134,9
E05009402,Redcliffe,E09000020,Kensington and Chelsea,8920,6582,1714,457,148,19
E05009403,Royal Hospital,E09000020,Kensington and Chelsea,8278,6454,1313,343,150,18
E05009404,St. Helen's,E09000020,Kensington and Chelsea,6126,5208,565,244,99,10
E05009405,Stanley,E09000020,Kensington and Chelsea,8334,6571,1193,410,134,26
E05013928,Alexandra,E09000021,Kingston upon Thames,5642,4833,411,276,105,17
E05013929,Berrylands,E09000021,Kingston upon Thames,6264,5593,384,199,76,12
E05013930,Canbury Gardens,E09000021,Kingston upon Thames,7719,6223,841,448,188,19
E05013931,Chessington South & Malden Rushett,E09000021,Kingston upon Thames,9465,8441,502,350,155,17
E05013932,Coombe Hill,E09000021,Kingston upon Thames,7300,5718,855,503,205,19
E05013933,Coombe Vale,E09000021,Kingston upon Thames,9984,8161,905,596,284,38
E05013934,Green Lane & St James,E09000021,Kingston upon Thames,6623,5266,624,497,204,32
E05013935,Hook & Chessington North,E09000021,Kingston upon Thames,10401,9124,609,453,187,28
E05013936,King George's & Sunray,E09000021,Kingston upon Thames,5607,4484,505,391,200,27
E05013937,Kingston Gate,E09000021,Kingston upon Thames,10531,8815,960,503,211,42
E05013938,Kingston Town,E09000021,Kingston upon Thames,10026,8111,1039,651,198,27
E05013939,Motspur Park & Old Malden East,E09000021,Kingston upon Thames,6819,5741,502,416,145,15
E05013940,New Malden Village,E09000021,Kingston upon Thames,9554,7304,924,836,439,51
E05013941,Norbiton,E09000021,Kingston upon Thames,10680,8133,1188,939,373,47
E05013942,Old Malden,E09000021,Kingston upon Thames,6469,5323,510,423,182,31
E05013943,St Mark's & Seething Wells,E09000021,Kingston upon Thames,11381,9681,1047,470,167,16
E05013944,Surbiton Hill,E09000021,Kingston upon Thames,10377,8794,839,491,212,41
E05013945,Tolworth,E09000021,Kingston upon Thames,10665,8635,958,739,282,51
E05013946,Tudor,E09000021,Kingston upon Thames,7021,6029,644,252,91,5
E05014095,Brixton Acre Lane,E09000022,Lambeth,14952,13125,946,526,307,48
E05014096,Brixton North,E09000022,Lambeth,15827,12194,1486,1258,743,146
E05014097,Brixton Rush Common,E09000022,Lambeth,14126,11656,1088,794,487,101
E05014098,Brixton Windrush,E09000022,Lambeth,9673,8197,696,452,278,50
E05014099,Clapham Common & Abbeville,E09000022,Lambeth,9754,8761,644,226,108,15
E05014100,Clapham East,E09000022,Lambeth,9703,8346,687,452,178,40
E05014101,Clapham Park,E09000022,Lambeth,12848,10362,1120,878,414,74
E05014102,Clapham Town,E09000022,Lambeth,15143,13226,1150,497,216,54
E05014103,Gipsy Hill,E09000022,Lambeth,10254,8868,660,466,200,60
E05014104,Herne Hill & Loughborough Junction,E09000022,Lambeth,15488,13364,984,695,375,70
E05014105,Kennington,E09000022,Lambeth,14627,12030,1277,791,449,80
E05014106,Knight's Hill,E09000022,Lambeth,15894,13424,1026,913,437,94
E05014107,Myatt's Fields,E09000022,Lambeth,10767,8974,753,608,369,63
E05014108,Oval,E09000022,Lambeth,11895,9390,1180,817,413,95
E05014109,St Martin's,E09000022,Lambeth,10041,8191,746,680,360,64
E05014110,Stockwell East,E09000022,Lambeth,10111,8136,838,589,373,175
E05014111,Stockwell West & Larkhall,E09000022,Lambeth,16164,12343,1694,1339,640,148
E05014112,Streatham Common & Vale,E09000022,Lambeth,16721,12663,1524,1473,949,112
E05014113,Streatham Hill East,E09000022,Lambeth,9895,8019,883,591,322,80
E05014114,Streatham Hill West & Thornton,E09000022,Lambeth,10234,8871,727,420,178,38
E05014115,Streatham St Leonard's,E09000022,Lambeth,15431,11929,1436,1232,730,104
E05014116,Streatham Wells,E09000022,Lambeth,9531,7673,866,668,282,42
E05014117,Vauxhall,E09000022,Lambeth,9411,7050,1359,727,245,30
E05014118,Waterloo & South Bank,E09000022,Lambeth,8733,6602,1254,630,207,40
E05014119,West Dulwich,E09000022,Lambeth,11088,9936,561,340,209,42
E05013714,Bellingham,E09000023,Lewisham,11264,9353,819,694,355,43
E05013715,Blackheath,E09000023,Lewisham,15655,13351,1245,627,356,76
E05013716,Brockley,E09000023,Lewisham,17346,14713,1445,733,381,74
E05013717,Catford South,E09000023,Lewisham,16570,13960,1047,1031,444,88
E05013718,Crofton Park,E09000023,Lewisham,14786,13246,774,482,244,40
E05013719,Deptford,E09000023,Lewisham,15884,12370,1565,1017,750,182
E05013720,Downham,E09000023,Lewisham,18090,15047,1240,1120,569,114
E05013721,Evelyn,E09000023,Lewisham,14483,10854,1950,1077,533,69
E05013722,Forest Hill,E09000023,Lewisham,14603,12862,906,492,298,45
E05013723,Grove Park,E09000023,Lewisham,14980,12772,978,788,362,80
E05013724,Hither Green,E09000023,Lewisham,19341,16158,1392,1134,557,100
E05013725,Ladywell,E09000023,Lewisham,14687,12649,1001,628,351,58
E05013726,Lee Green,E09000023,Lewisham,14329,12274,1033,674,295,53
E05013727,Lewisham Central,E09000023,Lewisham,8046,5794,1272,642,282,56
E05013728,New Cross Gate,E09000023,Lewisham,10514,8237,893,851,468,65
E05013729,Perry Vale,E09000023,Lewisham,17502,15512,995,630,320,45
E05013730,Rushey Green,E09000023,Lewisham,17879,14360,1460,1335,603,121
E05013731,Sydenham,E09000023,Lewisham,16608,14558,991,678,329,52
E05013732,Telegraph Hill,E09000023,Lewisham,16357,13941,1073,740,521,82
E05013810,Abbey,E09000024,Merton,9792,7812,1103,644,219,14
E05013811,Cannon Hill,E09000024,Merton,9604,7987,817,541,224,35
E05013812,Colliers Wood,E09000024,Merton,11106,8420,1250,914,450,72
E05013813,Cricket Green,E09000024,Merton,11584,8615,1161,1181,558,69
E05013814,Figge's Marsh,E09000024,Merton,10682,7662,1121,1295,543,61
E05013815,Graveney,E09000024,Merton,11329,7819,1275,1462,692,81
E05013816,Hillside,E09000024,Merton,8239,6684,998,392,146,19
E05013817,Lavender Fields,E09000024,Merton,11169,7840,1444,1254,564,67
E05013818,Longthornton,E09000024,Merton,11371,8259,1261,1219,539,93
E05013819,Lower Morden,E09000024,Merton,11065,9438,744,628,214,41
E05013820,Merton Park,E09000024,Merton,8055,6494,753,513,259,36
E05013821,Pollards Hill,E09000024,Merton,11464,9087,1005,932,385,55
E05013822,Ravensbury,E09000024,Merton,9122,6876,1006,834,344,62
E05013823,Raynes Park,E09000024,Merton,11739,9822,1108,531,242,36
E05013824,St Helier,E09000024,Merton,10715,7774,1225,1131,496,89
E05013825,Village,E09000024,Merton,11205,9861,813,380,138,13
E05013826,Wandle,E09000024,Merton,5986,4909,586,338,133,20
E05013827,West Barnes,E09000024,Merton,10090,8152,932,680,289,37
E05013828,Wimbledon Park,E09000024,Merton,10567,8995,960,451,135,26
E05013829,Wimbledon Town & Dundonald,E09000024,Merton,12129,10074,1319,551,160,25
E05013904,Beckton,E09000025,Newham,14752,9718,1914,1993,990,137
E05013905,Boleyn,E09000025,Newham,14905,9680,1770,2194,1130,131
E05013906,Canning Town North,E09000025,Newham,10274,7199,1289,1145,559,82
E05013907,Canning Town South,E09000025,Newham,6855,4852,1056,646,255,46
E05013908,Custom House,E09000025,Newham,17052,12033,1848,2056,974,141
E05013909,East Ham,E09000025,Newham,14400,8456,1967,2388,1407,182
E05013910,East Ham South,E09000025,Newham,17347,11719,1970,2333,1163,162
E05013911,Forest Gate North,E09000025,Newham,10321,7362,991,1166,693,109
E05013912,Forest Gate South,E09000025,Newham,16688,10940,1986,2200,1325,237
E05013913,Green Street East,E09000025,Newham,15929,8959,2296,2883,1566,225
E05013914,Green Street West,E09000025,Newham,15019,8732,2118,2546,1375,248
E05013915,Little Ilford,E09000025,Newham,17317,10878,2069,2656,1477,237
E05013916,Manor Park,E09000025,Newham,15088,9328,1777,2401,1348,234
E05013917,Maryland,E09000025,Newham,12276,8079,1558,1660,876,103
E05013918,Plaistow North,E09000025,Newham,16881,11041,1991,2334,1307,208
E05013919,Plaistow South,E09000025,Newham,12930,8603,1508,1752,966,101
E05013920,Plaistow West & Canning Town East,E09000025,Newham,16226,10918,1819,2202,1096,191
E05013921,Plashet,E09000025,Newham,11078,6500,1580,1771,1076,151
E05013922,Royal Albert,E09000025,Newham,9670,6992,1218,986,409,65
E05013923,Royal Victoria,E09000025,Newham,13832,10020,2475,1034,270,33
E05013924,Stratford,E09000025,Newham,15221,10383,2408,1692,614,124
E05013925,Stratford Olympic Park,E09000025,Newham,11464,8815,1658,768,201,22
E05013926,Wall End,E09000025,Newham,15982,8731,2501,2928,1583,239
E05013927,West Ham,E09000025,Newham,15134,10102,1743,2093,1082,114
E05011234,Aldborough,E09000026,Redbridge,14983,10266,2186,1748,690,93
E05011235,Barkingside,E09000026,Redbridge,14660,10347,1902,1685,639,87
E05011236,Bridge,E09000026,Redbridge,12881,10954,871,728,296,32
E05011237,Chadwell,E09000026,Redbridge,15897,12022,1706,1446,624,99
E05011238,Churchfields,E09000026,Redbridge,15069,12799,1131,782,314,43
E05011239,Clayhall,E09000026,Redbridge,13416,9790,1609,1363,562,92
E05011240,Clementswood,E09000026,Redbridge,13150,8222,1709,2007,1052,160
E05011241,Cranbrook,E09000026,Redbridge,12765,9229,1423,1341,671,101
E05011242,Fairlop,E09000026,Redbridge,14144,10466,1462,1508,645,63
E05011243,Fullwell,E09000026,Redbridge,15427,11953,1459,1333,591,91
E05011244,Goodmayes,E09000026,Redbridge,14446,9485,1859,1998,979,125
E05011245,Hainault,E09000026,Redbridge,14983,11743,1289,1275,595,81
E05011246,Ilford Town,E09000026,Redbridge,11388,6890,1994,1593,800,111
E05011247,Loxford,E09000026,Redbridge,14300,9143,1854,2084,1060,159
E05011248,Mayfield,E09000026,Redbridge,15350,11053,1731,1669,765,132
E05011249,Monkhams,E09000026,Redbridge,9292,8237,558,326,151,20
E05011250,Newbury,E09000026,Redbridge,13771,9055,2016,1823,753,124
E05011251,Seven Kings,E09000026,Redbridge,14484,9470,1956,1968,951,139
E05011252,South Woodford,E09000026,Redbridge,12021,10196,901,606,272,46
E05011253,Valentines,E09000026,Redbridge,14787,9745,2042,1895,955,150
E05011254,Wanstead Park,E09000026,Redbridge,7834,6885,468,319,148,14
E05011255,Wanstead Village,E09000026,Redbridge,12544,10939,849,537,197,22
E05013774,Barnes,E09000027,Richmond upon Thames,10186,8998,844,255,81,8
E05013775,East Sheen,E09000027,Richmond upon Thames,10279,9223,672,260,105,19
E05013776,Fulwell & Hampton Hill,E09000027,Richmond upon Thames,10384,9606,472,222,73,11
E05013777,"Ham, Petersham & Richmond Riverside",E09000027,Richmond upon Thames,10495,8796,1071,426,178,24
E05013778,Hampton,E09000027,Richmond upon Thames,9689,8993,455,172,61,8
E05013779,Hampton North,E09000027,Richmond upon Thames,9719,8718,493,334,140,34
E05013780,Hampton Wick & South Teddington,E09000027,Richmond upon Thames,10462,9541,585,235,86,15
E05013781,Heathfield,E09000027,Richmond upon Thames,10082,8319,843,585,277,58
E05013782,Kew,E09000027,Richmond upon Thames,11397,9901,998,376,107,15
E05013783,Mortlake & Barnes Common,E09000027,Richmond upon Thames,11250,10033,796,296,107,18
E05013784,North Richmond,E09000027,Richmond upon Thames,10442,9051,906,355,109,21
E05013785,St Margarets & North Twickenham,E09000027,Richmond upon Thames,11210,10051,756,298,90,15
E05013786,South Richmond,E09000027,Richmond upon Thames,10733,9266,1023,341,91,12
E05013787,South Twickenham,E09000027,Richmond upon Thames,10524,9736,503,201,79,5
E05013788,Teddington,E09000027,Richmond upon Thames,10210,9375,514,226,82,13
E05013789,Twickenham Riverside,E09000027,Richmond upon Thames,10938,9451,987,358,119,23
E05013790,West Twickenham,E09000027,Richmond upon Thames,10730,9677,598,337,97,21
E05013791,Whitton,E09000027,Richmond upon Thames,10129,8789,676,438,201,25
E05011095,Borough & Bankside,E09000028,Southwark,9137,7259,1205,505,136,32
E05011096,Camberwell Green,E09000028,Southwark,14777,11809,1218,990,644,116
E05011097,Champion Hill,E09000028,Southwark,9116,7822,650,412,196,36
E05011098,Chaucer,E09000028,Southwark,14609,11384,1851,862,426,86
E05011099,Dulwich Hill,E09000028,Southwark,9300,8393,458,252,165,32
E05011100,Dulwich Village,E09000028,Southwark,9785,9161,409,136,70,9
E05011101,Dulwich Wood,E09000028,Southwark,9919,8667,697,397,135,23
E05011102,Faraday,E09000028,Southwark,12051,9054,1133,992,734,138
E05011103,Goose Green,E09000028,Southwark,13122,11993,707,246,157,19
E05011104,London Bridge & West Bermondsey,E09000028,Southwark,14483,11717,1753,679,275,59
E05011105,Newington,E09000028,Southwark,13481,11038,1116,827,418,82
E05011106,North Bermondsey,E09000028,Southwark,15092,12226,1805,713,297,51
E05011107,North Walworth,E09000028,Southwark,15256,11545,1857,1212,558,84
E05011108,Nunhead & Queen's Road,E09000028,Southwark,15027,13164,810,586,388,79
E05011109,Old Kent Road,E09000028,Southwark,17953,13683,1499,1512,1029,230
E05011110,Peckham,E09000028,Southwark,14302,11619,1006,946,621,110
E05011111,Peckham Rye,E09000028,Southwark,9689,8850,425,256,129,29
E05011112,Rotherhithe,E09000028,Southwark,14904,11489,2119,881,368,47
E05011113,Rye Lane,E09000028,Southwark,13752,12012,791,522,352,75
E05011114,St George's,E09000028,Southwark,7974,6283,938,524,201,28
E05011115,St Giles,E09000028,Southwark,15921,12928,1271,1049,572,101
E05011116,South Bermondsey,E09000028,Southwark,15422,12141,1666,979,533,103
E05011117,Surrey Docks,E09000028,Southwark,12669,9753,2085,593,199,39
E05013754,Beddington,E09000029,Sutton,10655,9321,707,443,156,28
E05013755,Belmont,E09000029,Sutton,11145,9409,1025,483,201,27
E05013756,Carshalton Central,E09000029,Sutton,11242,10158,627,328,116,13
E05013757,Carshalton South & Clockhouse,E09000029,Sutton,9824,9087,454,194,74,15
E05013758,Cheam,E09000029,Sutton,10543,9585,554,298,95,11
E05013759,Hackbridge,E09000029,Sutton,6423,5312,595,399,106,11
E05013760,North Cheam,E09000029,Sutton,11294,9858,785,477,153,21
E05013761,St Helier East,E09000029,Sutton,8163,6941,572,444,176,30
E05013762,St Helier West,E09000029,Sutton,11845,9756,936,835,268,50
E05013763,South Beddington & Roundshaw,E09000029,Sutton,10502,9172,713,428,159,30
E05013764,Stonecot,E09000029,Sutton,7556,6369,616,409,141,21
E05013765,Sutton Central,E09000029,Sutton,11780,8921,1375,1058,390,36
E05013766,Sutton North,E09000029,Sutton,10937,9045,1004,605,244,39
E05013767,Sutton South,E09000029,Sutton,11711,9251,1373,805,249,33
E05013768,Sutton West & East Cheam,E09000029,Sutton,11084,9097,1052,689,215,31
E05013769,The Wrythe,E09000029,Sutton,10286,9180,582,386,118,20
E05013770,Wallington North,E09000029,Sutton,11498,10143,737,434,161,23
E05013771,Wallington South,E09000029,Sutton,10847,9540,685,446,142,34
E05013772,Worcester Park North,E09000029,Sutton,7970,6898,572,356,130,14
E05013773,Worcester Park South,E09000029,Sutton,6944,6335,307,203,85,14
E05009317,Bethnal Green,E09000030,Tower Hamlets,20437,15413,2091,1625,1111,197
E05009318,Blackwall & Cubitt Town,E09000030,Tower Hamlets,21096,15081,3728,1571,620,96
E05009319,Bow East,E09000030,Tower Hamlets,18814,15425,1741,988,586,74
E05009320,Bow West,E09000030,Tower Hamlets,13182,10728,1043,767,549,95
E05009321,Bromley North,E09000030,Tower Hamlets,10957,8164,956,1011,660,166
E05009322,Bromley South,E09000030,Tower Hamlets,13684,10075,1438,1126,886,159
E05009323,Canary Wharf,E09000030,Tower Hamlets,17237,11721,3370,1435,607,104
E05009324,Island Gardens,E09000030,Tower Hamlets,14254,10306,2269,1114,484,81
E05009325,Lansbury,E09000030,Tower Hamlets,20830,14934,2527,1955,1170,244
E05009326,Limehouse,E09000030,Tower Hamlets,6511,4807,990,407,244,63
E05009327,Mile End,E09000030,Tower Hamlets,20891,15189,2493,1798,1208,203
E05009328,Poplar,E09000030,Tower Hamlets,7621,5301,893,826,495,106
E05009329,St Dunstan's,E09000030,Tower Hamlets,13778,9924,1355,1307,947,245
E05009330,St Katharine's & Wapping,E09000030,Tower Hamlets,11643,9097,1660,582,263,41
E05009331,St Peter's,E09000030,Tower Hamlets,19365,14309,2033,1624,1188,211
E05009332,Shadwell,E09000030,Tower Hamlets,12469,8498,1289,1432,1033,217
E05009333,Spitalfields & Banglatown,E09000030,Tower Hamlets,12818,8741,1863,1166,828,220
E05009334,Stepney Green,E09000030,Tower Hamlets,11979,8424,1128,1281,946,200
E05009335,Weavers,E09000030,Tower Hamlets,12872,9796,1487,833,631,125
E05009336,Whitechapel,E09000030,Tower Hamlets,18309,12202,2914,1838,1103,252
E05013882,Cann Hall,E09000031,Waltham Forest,15383,10977,1459,1945,865,137
E05013883,Cathall,E09000031,Waltham Forest,10133,7218,1061,1231,550,73
E05013884,Chapel End,E09000031,Waltham Forest,13431,10534,1111,1238,478,70
E05013885,Chingford Green,E09000031,Waltham Forest,11178,10094,483,392,177,32
E05013886,Endlebury,E09000031,Waltham Forest,8634,7675,400,381,157,21
E05013887,Forest,E09000031,Waltham Forest,15799,11919,1386,1516,863,115
E05013888,Grove Green,E09000031,Waltham Forest,14099,9881,1560,1730,783,145
E05013889,Hale End & Highams Park South,E09000031,Waltham Forest,9052,7854,570,419,177,32
E05013890,Hatch Lane & Highams Park North,E09000031,Waltham Forest,12731,11282,630,542,239,38
E05013891,High Street,E09000031,Waltham Forest,10291,7490,1093,1147,487,74
E05013892,Higham Hill,E09000031,Waltham Forest,13537,10432,1251,1184,584,86
E05013893,Hoe Street,E09000031,Waltham Forest,13604,10466,1171,1239,629,99
E05013894,Larkswood,E09000031,Waltham Forest,12850,10594,823,918,460,55
E05013895,Lea Bridge,E09000031,Waltham Forest,14451,10095,1547,1657,998,154
E05013896,Leyton,E09000031,Waltham Forest,13179,9643,1321,1406,708,101
E05013897,Leytonstone,E09000031,Waltham Forest,11860,9224,1178,983,419,56
E05013898,Markhouse,E09000031,Waltham Forest,9656,7020,868,1102,603,63
E05013899,St James,E09000031,Waltham Forest,11963,9145,1150,1065,530,73
E05013900,Upper Walthamstow,E09000031,Waltham Forest,8069,6627,547,619,239,37
E05013901,Valley,E09000031,Waltham Forest,13807,11198,893,1135,508,73
E05013902,William Morris,E09000031,Waltham Forest,13919,10378,1329,1504,616,92
E05013903,Wood Street,E09000031,Waltham Forest,9026,7124,751,709,379,63
E05014009,Balham,E09000032,Wandsworth,16870,15086,1136,442,176,30
E05014010,Battersea Park,E09000032,Wandsworth,18336,14150,2519,1182,423,62
E05014011,East Putney,E09000032,Wandsworth,16650,13608,1919,776,287,60
E05014012,Falconbrook,E09000032,Wandsworth,11611,8797,1477,978,300,59
E05014013,Furzedown,E09000032,Wandsworth,17096,13710,1496,1196,550,144
E05014014,Lavender,E09000032,Wandsworth,12173,10625,1166,283,80,19
E05014015,Nine Elms,E09000032,Wandsworth,5216,3826,1006,286,91,7
E05014016,Northcote,E09000032,Wandsworth,12764,11260,1127,282,81,14
E05014017,Roehampton,E09000032,Wandsworth,18499,13718,2128,1755,781,117
E05014018,St Mary's,E09000032,Wandsworth,13791,11088,1769,716,201,17
E05014019,Shaftesbury & Queenstown,E09000032,Wandsworth,15258,12813,1346,744,307,48
E05014020,South Balham,E09000032,Wandsworth,9792,8800,531,297,149,15
E05014021,Southfields,E09000032,Wandsworth,11862,10349,986,355,144,28
E05014022,Thamesfield,E09000032,Wandsworth,15786,13830,1391,408,133,24
E05014023,Tooting Bec,E09000032,Wandsworth,16440,13658,1295,947,468,72
E05014024,Tooting Broadway,E09000032,Wandsworth,16701,13204,1485,1303,598,111
E05014025,Trinity,E09000032,Wandsworth,10561,9573,578,292,95,23
E05014026,Wandle,E09000032,Wandsworth,10410,8934,830,463,156,27
E05014027,Wandsworth Common,E09000032,Wandsworth,15874,14066,1083,526,178,21
E05014028,Wandsworth Town,E09000032,Wandsworth,17452,14919,1551,687,260,35
E05014029,West Hill,E09000032,Wandsworth,16262,12159,2160,1353,521,69
E05014030,West Putney,E09000032,Wandsworth,16434,13580,1664,841,305,44
E05013792,Abbey Road,E09000033,Westminster,12652,9565,1776,865,392,54
E05013793,Bayswater,E09000033,Westminster,11779,8732,2015,764,233,35
E05013794,Church Street,E09000033,Westminster,11276,7555,1469,1292,791,169
E05013795,Harrow Road,E09000033,Westminster,10850,8312,1280,802,395,61
E05013796,Hyde Park,E09000033,Westminster,9876,6600,1967,902,364,43
E05013797,Knightsbridge & Belgravia,E09000033,Westminster,10933,8070,1706,861,250,46
E05013798,Lancaster Gate,E09000033,Westminster,10997,7474,2223,961,295,44
E05013799,Little Venice,E09000033,Westminster,10048,7448,1510,651,368,71
E05013800,Maida Vale,E09000033,Westminster,11293,8366,1755,776,342,54
E05013801,Marylebone,E09000033,Westminster,12129,8740,2423,703,240,23
E05013802,Pimlico North,E09000033,Westminster,10106,7991,1335,554,198,28
E05013803,Pimlico South,E09000033,Westminster,10345,7859,1272,836,308,70
E05013804,Queen's Park,E09000033,Westminster,12351,9579,1148,1041,514,69
E05013805,Regent's Park,E09000033,Westminster,11562,8630,1887,756,262,27
E05013806,St James's,E09000033,Westminster,9887,7370,1514,698,272,33
E05013807,Vincent Square,E09000033,Westminster,10377,7798,1543,696,305,35
E05013808,West End,E09000033,Westminster,11047,7906,2110,699,290,42
E05013809,Westbourne,E09000033,Westminster,11535,8401,1492,1068,491,83